id,config,configLastChangedAt,endedReason,endedReasonLastChangedAt,initialized,initializedLastChangedAt,lobbyConfig,lobbyConfigLastChangedAt,status,statusLastChangedAt
01JCG7DKT7E541MXS3EGV61SZ1,"{""kind"":""complete"",""config"":{""treatments"":[{""treatment"":{""name"":""pilot_easy_scaled"",""factors"":{""basicpay"":2.5,""featureUrl"":""https://raw.githubusercontent.com/Nisansali/MorePlayers/refs/heads/main/MorePlayes/Players.json"",""formalSubmitDuration"":60,""formalVoteDuration"":60,""informalSubmitDuration"":600,""numRounds"":1,""playerCount"":3,""scenario"":""pilot_easy_scaled"",""settingsUrl"":""https://challenge.negotiation.education/json/settings.json""}},""count"":1}]}}",2024-11-12T13:01:17.511197907Z,,,true,2024-11-12T13:01:17.558528756Z,"{""name"":""Default 90s fail"",""kind"":""shared"",""duration"":300000000000,""strategy"":""fail""}",2024-11-12T13:01:17.511197907Z,terminated,2024-11-12T13:04:24.176723355Z
01JCG7GFGZN0DH4JKAFRE1YSPV,"{""kind"":""complete"",""config"":{""treatments"":[{""treatment"":{""name"":""pilot_easy_scaled"",""factors"":{""basicpay"":2.5,""featureUrl"":""https://raw.githubusercontent.com/joshua-a-becker/RTools/master/testscoresheet.json"",""formalSubmitDuration"":60,""formalVoteDuration"":60,""informalSubmitDuration"":600,""numRounds"":1,""playerCount"":3,""scenario"":""pilot_easy_scaled"",""settingsUrl"":""https://challenge.negotiation.education/json/settings.json""}},""count"":1}]}}",2024-11-12T13:02:51.423767303Z,,,true,2024-11-12T13:02:51.477768911Z,"{""name"":""Default 90s fail"",""kind"":""shared"",""duration"":300000000000,""strategy"":""fail""}",2024-11-12T13:02:51.423767303Z,terminated,2024-11-12T13:04:25.890213794Z
01JCG7J2506BNNS5X7Y1H2005Y,"{""kind"":""complete"",""config"":{""treatments"":[{""treatment"":{""name"":""pilot_easy_scaled"",""factors"":{""basicpay"":2.5,""featureUrl"":""https://raw.githubusercontent.com/joshua-a-becker/RTools/master/testscoresheet.json"",""formalSubmitDuration"":60,""formalVoteDuration"":60,""informalSubmitDuration"":600,""numRounds"":1,""playerCount"":3,""scenario"":""pilot_easy_scaled"",""settingsUrl"":""https://challenge.negotiation.education/json/settings.json""}},""count"":1}]}}",2024-11-12T13:03:43.264703347Z,,,true,2024-11-12T13:03:43.312184592Z,"{""name"":""Default 90s fail"",""kind"":""shared"",""duration"":300000000000,""strategy"":""fail""}",2024-11-12T13:03:43.264703347Z,terminated,2024-11-12T13:04:26.6076242Z
01JCG7KG2JGV3513VFP29T3TDW,"{""kind"":""complete"",""config"":{""treatments"":[{""treatment"":{""name"":""pilot_easy_scaled"",""factors"":{""basicpay"":2.5,""featureUrl"":""https://raw.githubusercontent.com/joshua-a-becker/RTools/master/testscoresheet.json"",""formalSubmitDuration"":60,""formalVoteDuration"":60,""informalSubmitDuration"":600,""numRounds"":1,""playerCount"":3,""scenario"":""pilot_easy_scaled"",""settingsUrl"":""https://challenge.negotiation.education/json/settings.json""}},""count"":1}]}}",2024-11-12T13:04:30.290804775Z,,,true,2024-11-12T13:04:30.325380094Z,"{""name"":""Default 90s fail"",""kind"":""shared"",""duration"":300000000000,""strategy"":""fail""}",2024-11-12T13:04:30.290804775Z,terminated,2024-11-12T13:05:52.050502988Z
01JCG7PV7PN32KWBT66BVHXXKZ,"{""kind"":""complete"",""config"":{""treatments"":[{""treatment"":{""name"":""pilot_easy_scaled"",""factors"":{""basicpay"":2.5,""featureUrl"":""https://raw.githubusercontent.com/Nisansali/MorePlayers/refs/heads/main/MorePlayes/Players.json"",""formalSubmitDuration"":60,""formalVoteDuration"":60,""informalSubmitDuration"":600,""numRounds"":1,""playerCount"":3,""scenario"":""pilot_easy_scaled"",""settingsUrl"":""https://challenge.negotiation.education/json/settings.json""}},""count"":1}]}}",2024-11-12T13:06:20.022711619Z,,,true,2024-11-12T13:06:20.048336853Z,"{""name"":""Default 90s fail"",""kind"":""shared"",""duration"":300000000000,""strategy"":""fail""}",2024-11-12T13:06:20.022711619Z,terminated,2024-11-12T13:08:24.552241549Z
01JCG7TSP5PC9GF2GF7HPZBDHG,"{""kind"":""complete"",""config"":{""treatments"":[{""treatment"":{""name"":""pilot_easy_scaled"",""factors"":{""basicpay"":2.5,""featureUrl"":""https://raw.githubusercontent.com/joshua-a-becker/RTools/master/testscoresheet.json"",""formalSubmitDuration"":60,""formalVoteDuration"":60,""informalSubmitDuration"":600,""numRounds"":1,""playerCount"":4,""scenario"":""pilot_easy_scaled"",""settingsUrl"":""https://challenge.negotiation.education/json/settings.json""}},""count"":1}]}}",2024-11-12T13:08:29.509675459Z,,,true,2024-11-12T13:08:29.556440432Z,"{""name"":""Default 90s fail"",""kind"":""shared"",""duration"":300000000000,""strategy"":""fail""}",2024-11-12T13:08:29.509675459Z,terminated,2024-11-29T10:45:31.395234074Z
01JDVRD8JN23NA861SF1HV5M9T,"{""kind"":""complete"",""config"":{""treatments"":[{""treatment"":{""name"":""pilot_easy_scaled"",""factors"":{""basicpay"":2.5,""featureUrl"":""https://raw.githubusercontent.com/joshua-a-becker/RTools/master/testscoresheet.json"",""formalSubmitDuration"":60,""formalVoteDuration"":60,""informalSubmitDuration"":600,""numRounds"":1,""playerCount"":4,""scenario"":""pilot_easy_scaled"",""settingsUrl"":""https://challenge.negotiation.education/json/settings.json""}},""count"":1}]}}",2024-11-29T10:45:32.373845853Z,all games finished,2024-11-29T14:18:08.488099953Z,true,2024-11-29T10:45:32.405473158Z,"{""name"":""Default 90s fail"",""kind"":""shared"",""duration"":300000000000,""strategy"":""fail""}",2024-11-29T10:45:32.373845853Z,ended,2024-11-29T14:18:08.488099953Z
01JCG7C3AS4B9Y9RRXVG7AZTV1,"{""kind"":""complete"",""config"":{""treatments"":[{""treatment"":{""name"":""pilot_easy_scaled"",""factors"":{""basicpay"":2.5,""featureUrl"":""https://raw.githubusercontent.com/Nisansali/MorePlayers/refs/heads/main/MorePlayes/Players.json"",""formalSubmitDuration"":60,""formalVoteDuration"":60,""informalSubmitDuration"":600,""numRounds"":1,""playerCount"":3,""scenario"":""pilot_easy_scaled"",""settingsUrl"":""https://challenge.negotiation.education/json/settings.json""}},""count"":1}]}}",2024-11-12T13:00:27.86590117Z,,,true,2024-11-12T13:00:27.929131862Z,"{""name"":""Default 90s fail"",""kind"":""shared"",""duration"":300000000000,""strategy"":""fail""}",2024-11-12T13:00:27.86590117Z,terminated,2024-11-12T13:01:13.066082835Z
01JCG7DNKQ644Z758MM61N2EZ8,"{""kind"":""complete"",""config"":{""treatments"":[{""treatment"":{""name"":""pilot_easy_scaled"",""factors"":{""basicpay"":2.5,""featureUrl"":""https://raw.githubusercontent.com/Nisansali/MorePlayers/refs/heads/main/MorePlayes/Players.json"",""formalSubmitDuration"":60,""formalVoteDuration"":60,""informalSubmitDuration"":600,""numRounds"":1,""playerCount"":3,""scenario"":""pilot_easy_scaled"",""settingsUrl"":""https://challenge.negotiation.education/json/settings.json""}},""count"":1}]}}",2024-11-12T13:01:19.35148252Z,,,true,2024-11-12T13:01:19.383083315Z,"{""name"":""Default 90s fail"",""kind"":""shared"",""duration"":300000000000,""strategy"":""fail""}",2024-11-12T13:01:19.35148252Z,terminated,2024-11-12T13:02:45.979613909Z
01JCG7NQ0VCBJ4F3CF32Y45WZF,"{""kind"":""complete"",""config"":{""treatments"":[{""treatment"":{""name"":""pilot_easy_scaled"",""factors"":{""basicpay"":2.5,""featureUrl"":""https://raw.githubusercontent.com/Nisansali/MorePlayers/refs/heads/main/MorePlayes/Players.json"",""formalSubmitDuration"":60,""formalVoteDuration"":60,""informalSubmitDuration"":600,""numRounds"":1,""playerCount"":3,""scenario"":""pilot_easy_scaled"",""settingsUrl"":""https://challenge.negotiation.education/json/settings.json""}},""count"":1}]}}",2024-11-12T13:05:42.939293557Z,,,true,2024-11-12T13:05:42.98039121Z,"{""name"":""Default 90s fail"",""kind"":""shared"",""duration"":300000000000,""strategy"":""fail""}",2024-11-12T13:05:42.939293557Z,terminated,2024-11-12T13:05:50.96425646Z
01JDVR3J76E03K5YYJXNB0S2F5,"{""kind"":""complete"",""config"":{""treatments"":[{""treatment"":{""name"":""pilot_easy_scaled"",""factors"":{""basicpay"":2.5,""featureUrl"":""https://raw.githubusercontent.com/joshua-a-becker/RTools/master/testscoresheet.json"",""formalSubmitDuration"":60,""formalVoteDuration"":60,""informalSubmitDuration"":600,""numRounds"":1,""playerCount"":4,""scenario"":""pilot_easy_scaled"",""settingsUrl"":""https://challenge.negotiation.education/json/settings.json""}},""count"":1}]}}",2024-11-29T10:40:14.566317783Z,,,true,2024-11-29T10:40:14.616950284Z,"{""name"":""Default 90s fail"",""kind"":""shared"",""duration"":300000000000,""strategy"":""fail""}",2024-11-29T10:40:14.566317783Z,terminated,2024-11-29T10:45:29.720909973Z
