id,batchID,batchIDLastChangedAt,gameID,gameIDLastChangedAt,playerID,playerIDLastChangedAt
01JCG7GWXC3TR0Z4GS7DVQY0KE,01JCG7GFGZN0DH4JKAFRE1YSPV,2024-11-12T13:03:05.132072475Z,01JCG7GFJG4S4ZGB191NPGZX84,2024-11-12T13:03:05.132072475Z,01JCG7GRZ22TF10VVVA7CF8VMY,2024-11-12T13:03:05.132072475Z
01JCG7QGHFFRKK4G6KS2AC61AV,01JCG7PV7PN32KWBT66BVHXXKZ,2024-11-12T13:06:41.839990984Z,01JCG7PV8HD4TBE9971P1M3SWT,2024-11-12T13:06:41.839990984Z,01JCG7QGA4JQWX3Q268ZJKVVYA,2024-11-12T13:06:41.839990984Z
01JCG7VCYNV5MT754JRRSY355M,01JCG7TSP5PC9GF2GF7HPZBDHG,2024-11-12T13:08:49.237511492Z,01JCG7TSQNZXJSY48E0C3XF8KK,2024-11-12T13:08:49.237511492Z,01JCG7VCQZF7JJZ4R7S83JV79C,2024-11-12T13:08:49.237511492Z
01JDVREAR40ADQ3221GCYEW5RA,01JDVRD8JN23NA861SF1HV5M9T,2024-11-29T10:46:07.364716981Z,01JDVRD8KJNHNWW9RT986J4SZ5,2024-11-29T10:46:07.364716981Z,01JDVRDDD939NE6ABDNSH1WZS1,2024-11-29T10:46:07.364716981Z
01JDVREAR5Y0GS86BS9VTDCFFZ,01JDVRD8JN23NA861SF1HV5M9T,2024-11-29T10:46:07.365518608Z,01JDVRD8KJNHNWW9RT986J4SZ5,2024-11-29T10:46:07.365518608Z,01JDVREAND92W3AX113A9EM3J4,2024-11-29T10:46:07.365518608Z
01JCG7QGHGSNNKKCF6FFBSJMSF,01JCG7PV7PN32KWBT66BVHXXKZ,2024-11-12T13:06:41.840354073Z,01JCG7PV8HD4TBE9971P1M3SWT,2024-11-12T13:06:41.840354073Z,01JCG7QGB6SCN9P8CR087829HQ,2024-11-12T13:06:41.840354073Z
01JCG7VCYNV5MT754JRGMWKY60,01JCG7TSP5PC9GF2GF7HPZBDHG,2024-11-12T13:08:49.237091855Z,01JCG7TSQNZXJSY48E0C3XF8KK,2024-11-12T13:08:49.237091855Z,01JCG7VCPGEDC2CAMFKWN2VV75,2024-11-12T13:08:49.237091855Z
01JDVR52R5GMH2Y3NDVHDN4N5V,01JDVR3J76E03K5YYJXNB0S2F5,2024-11-29T10:41:04.261201015Z,01JDVR3J8RMG1R1AJPV7BMSQ5B,2024-11-29T10:41:04.261201015Z,01JDVR3ZNA21CJB9ZVW7DXW6KS,2024-11-29T10:41:04.261201015Z
01JDVREAR5Y0GS86BS9FVHN38Y,01JDVRD8JN23NA861SF1HV5M9T,2024-11-29T10:46:07.365321415Z,01JDVRD8KJNHNWW9RT986J4SZ5,2024-11-29T10:46:07.365321415Z,01JDVRDHHB9C0AKNB98TJ2MPHM,2024-11-29T10:46:07.365321415Z
01JCG7GWXC3TR0Z4GS7PEHWAQT,01JCG7GFGZN0DH4JKAFRE1YSPV,2024-11-12T13:03:05.132333365Z,01JCG7GFJG4S4ZGB191NPGZX84,2024-11-12T13:03:05.132333365Z,01JCG7GV98H33ETMKDMMZKSGW7,2024-11-12T13:03:05.132333365Z
01JCG7GWXC3TR0Z4GS7YPBZD54,01JCG7GFGZN0DH4JKAFRE1YSPV,2024-11-12T13:03:05.132484542Z,01JCG7GFJG4S4ZGB191NPGZX84,2024-11-12T13:03:05.132484542Z,01JCG7GWTK1ABN01YGBHTVGEZX,2024-11-12T13:03:05.132484542Z
01JCG7VCYNV5MT754JS6B3WDA7,01JCG7TSP5PC9GF2GF7HPZBDHG,2024-11-12T13:08:49.238000387Z,01JCG7TSQNZXJSY48E0C3XF8KK,2024-11-12T13:08:49.238000387Z,01JCG7VCVR8QNMQHSC1DP7PM98,2024-11-12T13:08:49.238000387Z
01JDVR52R4XBGSMQ31EESW07CW,01JDVR3J76E03K5YYJXNB0S2F5,2024-11-29T10:41:04.260867649Z,01JDVR3J8RMG1R1AJPV7BMSQ5B,2024-11-29T10:41:04.260867649Z,01JDVR3Z6M6MJT9X3NZHT54D45,2024-11-29T10:41:04.260867649Z
01JDVREAR5Y0GS86BS94ERDF3N,01JDVRD8JN23NA861SF1HV5M9T,2024-11-29T10:46:07.365114462Z,01JDVRD8KJNHNWW9RT986J4SZ5,2024-11-29T10:46:07.365114462Z,01JDVRDEEFGBSW8ZYYAJZYXFN7,2024-11-29T10:46:07.365114462Z
01JCG7QGHGSNNKKCF6FSQCMS03,01JCG7PV7PN32KWBT66BVHXXKZ,2024-11-12T13:06:41.840552881Z,01JCG7PV8HD4TBE9971P1M3SWT,2024-11-12T13:06:41.840552881Z,01JCG7QGD4TZCGXSJX3ZEQW4P0,2024-11-12T13:06:41.840552881Z
01JCG7VCYNV5MT754JRZKRBJFX,01JCG7TSP5PC9GF2GF7HPZBDHG,2024-11-12T13:08:49.237793459Z,01JCG7TSQNZXJSY48E0C3XF8KK,2024-11-12T13:08:49.237793459Z,01JCG7VCSXRWEBG3PT97XP78CF,2024-11-12T13:08:49.237793459Z
01JDVR52R5GMH2Y3NDVY487J1P,01JDVR3J76E03K5YYJXNB0S2F5,2024-11-29T10:41:04.26136484Z,01JDVR3J8RMG1R1AJPV7BMSQ5B,2024-11-29T10:41:04.26136484Z,01JDVR4BZN3B1VY21MZB6JFW0F,2024-11-29T10:41:04.26136484Z
01JDVR52R5GMH2Y3NDW68DQHGC,01JDVR3J76E03K5YYJXNB0S2F5,2024-11-29T10:41:04.261522923Z,01JDVR3J8RMG1R1AJPV7BMSQ5B,2024-11-29T10:41:04.261522923Z,01JDVR52P3S87M076ARYBAFPCC,2024-11-29T10:41:04.261522923Z
