id,RoundPointsHistory,RoundPointsHistoryLastChangedAt,bonus,bonusLastChangedAt,cumulativePoints,cumulativePointsLastChangedAt,ended,endedLastChangedAt,gameID,gameIDLastChangedAt,introDone,introDoneLastChangedAt,name,nameLastChangedAt,participantID,participantIDLastChangedAt,participantIdentifier,participantIdentifierLastChangedAt,playerModalSeen,playerModalSeenLastChangedAt,role,roleLastChangedAt,roundPoints,roundPointsLastChangedAt,treatment,treatmentLastChangedAt,treatmentName,treatmentNameLastChangedAt,urlParams,urlParamsLastChangedAt,vote,voteLastChangedAt
01JCG7VCVR8QNMQHSC1DP7PM98,"[{""roundIndex"":0,""totalPoints"":0,""roleName"":""Technician"",""role"":""role3""},{""roundIndex"":0,""totalPoints"":0,""roleName"":""Designer"",""role"":""role2""},{""roundIndex"":0,""totalPoints"":0,""roleName"":""Product Head"",""role"":""role1""},{""roundIndex"":0,""totalPoints"":0,""roleName"":""Technician"",""role"":""role3""},{""roundIndex"":0,""totalPoints"":0,""roleName"":""Technician"",""role"":""role3""},{""roundIndex"":0,""totalPoints"":0,""roleName"":""Designer"",""role"":""role2""},{""roundIndex"":0,""totalPoints"":0,""roleName"":""Product Head"",""role"":""role1""}]",2024-11-12T13:20:49.97676784Z,[],2024-11-12T13:08:49.278221189Z,0,2024-11-12T13:18:49.738371299Z,game terminated,2024-11-29T10:45:31.663825118Z,01JCG7TSQNZXJSY48E0C3XF8KK,2024-11-12T13:08:49.194516129Z,true,2024-11-12T13:08:49.212078946Z,Technician,2024-11-12T13:08:50.325504561Z,01JCG7VCNNGQ1PJ6RWJ1ZB6V05,2024-11-12T13:08:49.14433841Z,1236,2024-11-12T13:08:49.14433841Z,true,2024-11-12T13:08:56.10241044Z,role3,2024-11-12T13:08:49.278221189Z,0,2024-11-12T13:18:49.738371299Z,"{""basicpay"":2.5,""featureUrl"":""https://raw.githubusercontent.com/joshua-a-becker/RTools/master/testscoresheet.json"",""formalSubmitDuration"":60,""formalVoteDuration"":60,""informalSubmitDuration"":600,""numRounds"":1,""playerCount"":4,""scenario"":""pilot_easy_scaled"",""settingsUrl"":""https://challenge.negotiation.education/json/settings.json""}",2024-11-12T13:08:49.194516129Z,pilot_easy_scaled,2024-11-12T13:08:49.194516129Z,"{""skipIntro"":""T"",""playerId"":""1236""}",2024-11-12T13:08:49.207171192Z,,
01JDVR52P3S87M076ARYBAFPCC,"[{""roundIndex"":0,""totalPoints"":0,""roleName"":""Technician"",""role"":""role3""},{""roundIndex"":0,""totalPoints"":0,""roleName"":""Designer"",""role"":""role2""},{""roundIndex"":0,""totalPoints"":0,""roleName"":""Product Head"",""role"":""role1""}]",2024-11-29T10:45:29.996440046Z,[],2024-11-29T10:41:04.295543119Z,0,2024-11-29T10:45:29.996440046Z,game terminated,2024-11-29T10:45:29.977242126Z,01JDVR3J8RMG1R1AJPV7BMSQ5B,2024-11-29T10:41:04.226786794Z,true,2024-11-29T10:41:04.237864382Z,Technician,2024-11-29T10:41:05.331520219Z,01JDVR52MZJT3K0PSJDCKFECDX,2024-11-29T10:41:04.195311477Z,0001d,2024-11-29T10:41:04.195311477Z,true,2024-11-29T10:41:07.473053187Z,role3,2024-11-29T10:41:04.295543119Z,0,2024-11-29T10:45:29.996440046Z,"{""basicpay"":2.5,""featureUrl"":""https://raw.githubusercontent.com/joshua-a-becker/RTools/master/testscoresheet.json"",""formalSubmitDuration"":60,""formalVoteDuration"":60,""informalSubmitDuration"":600,""numRounds"":1,""playerCount"":4,""scenario"":""pilot_easy_scaled"",""settingsUrl"":""https://challenge.negotiation.education/json/settings.json""}",2024-11-29T10:41:04.226786794Z,pilot_easy_scaled,2024-11-29T10:41:04.226786794Z,"{""skipIntro"":""T"",""playerId"":""0001d""}",2024-11-29T10:41:04.23848664Z,,
01JCG7E2F6YGBCAM1F409589XX,,,,,,,game terminated,2024-11-12T13:02:46.0406677Z,01JCG7DNMT49TB15VGSVW8GGYR,2024-11-12T13:01:32.557738049Z,true,2024-11-12T13:01:32.578217718Z,,,01JCG7E2D5MVV5G5CDBCRCYC76,2024-11-12T13:01:32.518702769Z,ads9f814,2024-11-12T13:01:32.518702769Z,,,,,,,"{""basicpay"":2.5,""featureUrl"":""https://raw.githubusercontent.com/Nisansali/MorePlayers/refs/heads/main/MorePlayes/Players.json"",""formalSubmitDuration"":60,""formalVoteDuration"":60,""informalSubmitDuration"":600,""numRounds"":1,""playerCount"":3,""scenario"":""pilot_easy_scaled"",""settingsUrl"":""https://challenge.negotiation.education/json/settings.json""}",2024-11-12T13:01:32.557738049Z,pilot_easy_scaled,2024-11-12T13:01:32.557738049Z,"{""skipIntro"":""T"",""playerId"":""ads9f814""}",2024-11-12T13:01:32.586100483Z,,
01JCG7E2FH0C9Q4YDVQ9FWYB2C,,,,,,,game terminated,2024-11-12T13:02:46.015182407Z,01JCG7DNMFKQTDWDBDW4YT29M3,2024-11-12T13:01:32.622879958Z,,,,,01JCG7E2D5MVV5G5CDBCRCYC76,2024-11-12T13:01:32.52948424Z,ads9f814,2024-11-12T13:01:32.52948424Z,,,,,,,"{""basicpay"":2.5,""featureUrl"":""https://raw.githubusercontent.com/Nisansali/MorePlayers/refs/heads/main/MorePlayes/Players.json"",""formalSubmitDuration"":60,""formalVoteDuration"":60,""informalSubmitDuration"":600,""numRounds"":1,""playerCount"":3,""scenario"":""pilot_easy_scaled"",""settingsUrl"":""https://challenge.negotiation.education/json/settings.json""}",2024-11-12T13:01:32.592704461Z,pilot_easy_scaled,2024-11-12T13:01:32.592704461Z,,,,
01JCG7QGD4TZCGXSJX3ZEQW4P0,[],2024-11-12T13:08:24.948824745Z,[],2024-11-12T13:06:41.874195076Z,0,2024-11-12T13:08:24.948824745Z,game terminated,2024-11-12T13:08:24.910410158Z,01JCG7PV8HD4TBE9971P1M3SWT,2024-11-12T13:06:41.7230601Z,true,2024-11-12T13:06:41.805832907Z,Technician,2024-11-12T13:06:42.716877518Z,01JCG7QG8NYA6V1J6Z9PZ35Z0G,2024-11-12T13:06:41.700741476Z,987f43asdfasdasdfasdf44adsfasasdfasdfasdf,2024-11-12T13:06:41.700741476Z,,,role3,2024-11-12T13:06:41.874195076Z,0,2024-11-12T13:08:24.948824745Z,"{""basicpay"":2.5,""featureUrl"":""https://raw.githubusercontent.com/Nisansali/MorePlayers/refs/heads/main/MorePlayes/Players.json"",""formalSubmitDuration"":60,""formalVoteDuration"":60,""informalSubmitDuration"":600,""numRounds"":1,""playerCount"":3,""scenario"":""pilot_easy_scaled"",""settingsUrl"":""https://challenge.negotiation.education/json/settings.json""}",2024-11-12T13:06:41.7230601Z,pilot_easy_scaled,2024-11-12T13:06:41.7230601Z,"{""skipIntro"":""T"",""playerId"":""987f43asdfasdasdfasdf44adsfasasdfasdfasdf""}",2024-11-12T13:06:41.765114902Z,,
01JCG7CZN42M302T3S7DXAD7ST,,,,,,,game terminated,2024-11-12T13:01:13.213293415Z,01JCG7C3DTEHSQJ8ZZW4Q3HAYK,2024-11-12T13:00:56.904395035Z,,,,,01JCG7CZKPD9CB8W0N5GBDQF84,2024-11-12T13:00:56.869139067Z,987f43asdfasdasdfasdfasdf,2024-11-12T13:00:56.869139067Z,,,,,,,"{""basicpay"":2.5,""featureUrl"":""https://raw.githubusercontent.com/Nisansali/MorePlayers/refs/heads/main/MorePlayes/Players.json"",""formalSubmitDuration"":60,""formalVoteDuration"":60,""informalSubmitDuration"":600,""numRounds"":1,""playerCount"":3,""scenario"":""pilot_easy_scaled"",""settingsUrl"":""https://challenge.negotiation.education/json/settings.json""}",2024-11-12T13:00:56.904395035Z,pilot_easy_scaled,2024-11-12T13:00:56.904395035Z,,,,
01JCG7D35KSTHDEAMQ03K6V6S1,,,,,,,game terminated,2024-11-12T13:01:13.19229298Z,01JCG7C3CQRYB5SMFPK669N2AW,2024-11-12T13:01:00.541603952Z,,,,,01JCG7D33XAB1RECCAC32TZHMF,2024-11-12T13:01:00.467367869Z,987f43asdfasdaisduyfiasudfasdf,2024-11-12T13:01:00.467367869Z,,,,,,,"{""basicpay"":2.5,""featureUrl"":""https://raw.githubusercontent.com/Nisansali/MorePlayers/refs/heads/main/MorePlayes/Players.json"",""formalSubmitDuration"":60,""formalVoteDuration"":60,""informalSubmitDuration"":600,""numRounds"":1,""playerCount"":3,""scenario"":""pilot_easy_scaled"",""settingsUrl"":""https://challenge.negotiation.education/json/settings.json""}",2024-11-12T13:01:00.531039461Z,pilot_easy_scaled,2024-11-12T13:01:00.531039461Z,,,,
01JCG7E21WJWHVE08KZRC4M6T8,,,,,,,game terminated,2024-11-12T13:02:46.0406677Z,01JCG7DNMT49TB15VGSVW8GGYR,2024-11-12T13:01:32.183930772Z,,,,,01JCG7E1YJDGN7XFBJ1S5T6D1J,2024-11-12T13:01:32.092483187Z,ads9f812,2024-11-12T13:01:32.092483187Z,,,,,,,"{""basicpay"":2.5,""featureUrl"":""https://raw.githubusercontent.com/Nisansali/MorePlayers/refs/heads/main/MorePlayes/Players.json"",""formalSubmitDuration"":60,""formalVoteDuration"":60,""informalSubmitDuration"":600,""numRounds"":1,""playerCount"":3,""scenario"":""pilot_easy_scaled"",""settingsUrl"":""https://challenge.negotiation.education/json/settings.json""}",2024-11-12T13:01:32.17446119Z,pilot_easy_scaled,2024-11-12T13:01:32.17446119Z,,,,
01JDVR4BZN3B1VY21MZB6JFW0F,"[{""roundIndex"":0,""totalPoints"":0,""roleName"":""Technician"",""role"":""role3""},{""roundIndex"":0,""totalPoints"":0,""roleName"":""Designer"",""role"":""role2""}]",2024-11-29T10:45:29.996440046Z,[],2024-11-29T10:41:04.295543119Z,0,2024-11-29T10:45:29.996440046Z,game terminated,2024-11-29T10:45:29.977242126Z,01JDVR3J8RMG1R1AJPV7BMSQ5B,2024-11-29T10:40:40.979115343Z,true,2024-11-29T10:40:40.989940639Z,Product Head,2024-11-29T10:41:05.337683413Z,01JDVR4BYDCY0KR6JSEGPT71PD,2024-11-29T10:40:40.949163218Z,0001c,2024-11-29T10:40:40.949163218Z,true,2024-11-29T10:42:14.660363119Z,role1,2024-11-29T10:41:04.295543119Z,0,2024-11-29T10:45:29.996440046Z,"{""basicpay"":2.5,""featureUrl"":""https://raw.githubusercontent.com/joshua-a-becker/RTools/master/testscoresheet.json"",""formalSubmitDuration"":60,""formalVoteDuration"":60,""informalSubmitDuration"":600,""numRounds"":1,""playerCount"":4,""scenario"":""pilot_easy_scaled"",""settingsUrl"":""https://challenge.negotiation.education/json/settings.json""}",2024-11-29T10:40:40.979115343Z,pilot_easy_scaled,2024-11-29T10:40:40.979115343Z,"{""skipIntro"":""T"",""playerId"":""0001c""}",2024-11-29T10:40:40.989027967Z,,
01JCG7VCQZF7JJZ4R7S83JV79C,"[{""roundIndex"":0,""totalPoints"":0,""roleName"":""Technician"",""role"":""role3""},{""roundIndex"":0,""totalPoints"":0,""roleName"":""Designer"",""role"":""role2""},{""roundIndex"":0,""totalPoints"":0,""roleName"":""Product Head"",""role"":""role1""},{""roundIndex"":0,""totalPoints"":0,""roleName"":""Technician"",""role"":""role3""},{""roundIndex"":0,""totalPoints"":0,""roleName"":""Technician"",""role"":""role3""}]",2024-11-12T13:20:49.97676784Z,[],2024-11-12T13:08:49.278221189Z,0,2024-11-12T13:18:49.738371299Z,game terminated,2024-11-29T10:45:31.663825118Z,01JCG7TSQNZXJSY48E0C3XF8KK,2024-11-12T13:08:49.073153808Z,true,2024-11-12T13:08:49.09102309Z,Designer,2024-11-12T13:08:50.274591464Z,01JCG7VCNHJM6FABVG24TS5T0C,2024-11-12T13:08:49.023713735Z,1235,2024-11-12T13:08:49.023713735Z,true,2024-11-12T13:08:55.198451278Z,role2,2024-11-12T13:08:49.278221189Z,0,2024-11-12T13:18:49.738371299Z,"{""basicpay"":2.5,""featureUrl"":""https://raw.githubusercontent.com/joshua-a-becker/RTools/master/testscoresheet.json"",""formalSubmitDuration"":60,""formalVoteDuration"":60,""informalSubmitDuration"":600,""numRounds"":1,""playerCount"":4,""scenario"":""pilot_easy_scaled"",""settingsUrl"":""https://challenge.negotiation.education/json/settings.json""}",2024-11-12T13:08:49.073153808Z,pilot_easy_scaled,2024-11-12T13:08:49.073153808Z,"{""skipIntro"":""T"",""playerId"":""1235""}",2024-11-12T13:08:49.092145296Z,,
01JCG7CHPT39EJEVPXVD152K97,,,,,,,game terminated,2024-11-12T13:01:13.19229298Z,01JCG7C3CQRYB5SMFPK669N2AW,2024-11-12T13:00:42.683608941Z,true,2024-11-12T13:00:42.74311585Z,,,01JCG7CHMWTPA8J8F8E60TFE09,2024-11-12T13:00:42.586785154Z,987f43asdfasd,2024-11-12T13:00:42.586785154Z,,,,,,,"{""basicpay"":2.5,""featureUrl"":""https://raw.githubusercontent.com/Nisansali/MorePlayers/refs/heads/main/MorePlayes/Players.json"",""formalSubmitDuration"":60,""formalVoteDuration"":60,""informalSubmitDuration"":600,""numRounds"":1,""playerCount"":3,""scenario"":""pilot_easy_scaled"",""settingsUrl"":""https://challenge.negotiation.education/json/settings.json""}",2024-11-12T13:00:42.660142338Z,pilot_easy_scaled,2024-11-12T13:00:42.660142338Z,"{""skipIntro"":""T"",""playerId"":""987f43asdfasd""}",2024-11-12T13:00:42.745927639Z,,
01JCG7CHQANHQS5NRJRFHHAV0B,,,,,,,game terminated,2024-11-12T13:01:13.213293415Z,01JCG7C3DTEHSQJ8ZZW4Q3HAYK,2024-11-12T13:00:42.723862099Z,,,,,01JCG7CHMWTPA8J8F8E60TFE09,2024-11-12T13:00:42.602830206Z,987f43asdfasd,2024-11-12T13:00:42.602830206Z,,,,,,,"{""basicpay"":2.5,""featureUrl"":""https://raw.githubusercontent.com/Nisansali/MorePlayers/refs/heads/main/MorePlayes/Players.json"",""formalSubmitDuration"":60,""formalVoteDuration"":60,""informalSubmitDuration"":600,""numRounds"":1,""playerCount"":3,""scenario"":""pilot_easy_scaled"",""settingsUrl"":""https://challenge.negotiation.education/json/settings.json""}",2024-11-12T13:00:42.723862099Z,pilot_easy_scaled,2024-11-12T13:00:42.723862099Z,,,,
01JCG7E108MFA70H45C3VTXWFX,,,,,,,game terminated,2024-11-12T13:02:46.015182407Z,01JCG7DNMFKQTDWDBDW4YT29M3,2024-11-12T13:01:31.123800943Z,true,2024-11-12T13:01:31.157749664Z,,,01JCG7E0XPF7XDQSWNB3ME74Q0,2024-11-12T13:01:31.01684174Z,ads9f81,2024-11-12T13:01:31.01684174Z,,,,,,,"{""basicpay"":2.5,""featureUrl"":""https://raw.githubusercontent.com/Nisansali/MorePlayers/refs/heads/main/MorePlayes/Players.json"",""formalSubmitDuration"":60,""formalVoteDuration"":60,""informalSubmitDuration"":600,""numRounds"":1,""playerCount"":3,""scenario"":""pilot_easy_scaled"",""settingsUrl"":""https://challenge.negotiation.education/json/settings.json""}",2024-11-12T13:01:31.070662386Z,pilot_easy_scaled,2024-11-12T13:01:31.070662386Z,"{""skipIntro"":""T"",""playerId"":""ads9f81""}",2024-11-12T13:01:31.155957433Z,,
01JCG7GWTK1ABN01YGBHTVGEZX,[],2024-11-12T13:04:26.432200353Z,[],2024-11-12T13:03:05.184787809Z,0,2024-11-12T13:04:26.432200353Z,game terminated,2024-11-12T13:04:26.394096345Z,01JCG7GFJG4S4ZGB191NPGZX84,2024-11-12T13:03:05.076522682Z,true,2024-11-12T13:03:05.091327261Z,Technician,2024-11-12T13:03:06.755358021Z,01JCG7GWS8N345M6DWYBQ0FMHX,2024-11-12T13:03:05.043323119Z,ads9f81a9s8,2024-11-12T13:03:05.043323119Z,,,role3,2024-11-12T13:03:05.184787809Z,0,2024-11-12T13:04:26.432200353Z,"{""basicpay"":2.5,""featureUrl"":""https://raw.githubusercontent.com/joshua-a-becker/RTools/master/testscoresheet.json"",""formalSubmitDuration"":60,""formalVoteDuration"":60,""informalSubmitDuration"":600,""numRounds"":1,""playerCount"":3,""scenario"":""pilot_easy_scaled"",""settingsUrl"":""https://challenge.negotiation.education/json/settings.json""}",2024-11-12T13:03:05.076522682Z,pilot_easy_scaled,2024-11-12T13:03:05.076522682Z,"{""skipIntro"":""T"",""playerId"":""ads9f81a9s8""}",2024-11-12T13:03:05.091887768Z,,
01JCG7QGA4JQWX3Q268ZJKVVYA,"[{""roundIndex"":0,""totalPoints"":0,""roleName"":""Technician"",""role"":""role3""}]",2024-11-12T13:08:24.948824745Z,[],2024-11-12T13:06:41.874195076Z,0,2024-11-12T13:08:24.948824745Z,game terminated,2024-11-12T13:08:24.910410158Z,01JCG7PV8HD4TBE9971P1M3SWT,2024-11-12T13:06:41.627466424Z,true,2024-11-12T13:06:41.650066662Z,Product Head,2024-11-12T13:06:42.716030029Z,01JCG7QG8M5Q10EMP2YFD24H47,2024-11-12T13:06:41.604079572Z,987f43asdfasdasdfasdf44adsfas6tsdfgsdfg,2024-11-12T13:06:41.604079572Z,,,role1,2024-11-12T13:06:41.874195076Z,0,2024-11-12T13:08:24.948824745Z,"{""basicpay"":2.5,""featureUrl"":""https://raw.githubusercontent.com/Nisansali/MorePlayers/refs/heads/main/MorePlayes/Players.json"",""formalSubmitDuration"":60,""formalVoteDuration"":60,""informalSubmitDuration"":600,""numRounds"":1,""playerCount"":3,""scenario"":""pilot_easy_scaled"",""settingsUrl"":""https://challenge.negotiation.education/json/settings.json""}",2024-11-12T13:06:41.627466424Z,pilot_easy_scaled,2024-11-12T13:06:41.627466424Z,"{""skipIntro"":""T"",""playerId"":""987f43asdfasdasdfasdf44adsfas6tsdfgsdfg""}",2024-11-12T13:06:41.642451797Z,,
01JCG7DV2WZ300GSTKQ6NZ0CD7,,,,,,,game terminated,2024-11-12T13:02:46.015182407Z,01JCG7DNMFKQTDWDBDW4YT29M3,2024-11-12T13:01:25.010086876Z,true,2024-11-12T13:01:25.035301231Z,,,01JCG7DV1G8HYZZQHJB7EJW9ZD,2024-11-12T13:01:24.956939364Z,987f43asdfasdasdfasdf44,2024-11-12T13:01:24.956939364Z,,,,,,,"{""basicpay"":2.5,""featureUrl"":""https://raw.githubusercontent.com/Nisansali/MorePlayers/refs/heads/main/MorePlayes/Players.json"",""formalSubmitDuration"":60,""formalVoteDuration"":60,""informalSubmitDuration"":600,""numRounds"":1,""playerCount"":3,""scenario"":""pilot_easy_scaled"",""settingsUrl"":""https://challenge.negotiation.education/json/settings.json""}",2024-11-12T13:01:24.987780988Z,pilot_easy_scaled,2024-11-12T13:01:24.987780988Z,"{""skipIntro"":""T"",""playerId"":""987f43asdfasdasdfasdf44""}",2024-11-12T13:01:25.038941867Z,,
01JCG7CP4YHFPZ17QA3K53BBM9,,,,,,,game terminated,2024-11-12T13:01:13.213293415Z,01JCG7C3DTEHSQJ8ZZW4Q3HAYK,2024-11-12T13:00:47.179099071Z,,,,,01JCG7CP0YHRKG3YR307527CY0,2024-11-12T13:00:47.134521357Z,987f43asdfasdasdfasdf,2024-11-12T13:00:47.134521357Z,,,,,,,"{""basicpay"":2.5,""featureUrl"":""https://raw.githubusercontent.com/Nisansali/MorePlayers/refs/heads/main/MorePlayes/Players.json"",""formalSubmitDuration"":60,""formalVoteDuration"":60,""informalSubmitDuration"":600,""numRounds"":1,""playerCount"":3,""scenario"":""pilot_easy_scaled"",""settingsUrl"":""https://challenge.negotiation.education/json/settings.json""}",2024-11-12T13:00:47.179099071Z,pilot_easy_scaled,2024-11-12T13:00:47.179099071Z,,,,
01JCG7DV33JBCFXGHDBR6397PG,,,,,,,game terminated,2024-11-12T13:02:46.0406677Z,01JCG7DNMT49TB15VGSVW8GGYR,2024-11-12T13:01:25.018492172Z,,,,,01JCG7DV1G8HYZZQHJB7EJW9ZD,2024-11-12T13:01:24.963711053Z,987f43asdfasdasdfasdf44,2024-11-12T13:01:24.963711053Z,,,,,,,"{""basicpay"":2.5,""featureUrl"":""https://raw.githubusercontent.com/Nisansali/MorePlayers/refs/heads/main/MorePlayes/Players.json"",""formalSubmitDuration"":60,""formalVoteDuration"":60,""informalSubmitDuration"":600,""numRounds"":1,""playerCount"":3,""scenario"":""pilot_easy_scaled"",""settingsUrl"":""https://challenge.negotiation.education/json/settings.json""}",2024-11-12T13:01:25.018492172Z,pilot_easy_scaled,2024-11-12T13:01:25.018492172Z,,,,
01JCG7GRZ22TF10VVVA7CF8VMY,"[{""roundIndex"":0,""totalPoints"":0,""roleName"":""Technician"",""role"":""role3""}]",2024-11-12T13:04:26.432200353Z,[],2024-11-12T13:03:05.184787809Z,0,2024-11-12T13:04:26.432200353Z,game terminated,2024-11-12T13:04:26.394096345Z,01JCG7GFJG4S4ZGB191NPGZX84,2024-11-12T13:03:01.105952653Z,true,2024-11-12T13:03:01.125966575Z,Designer,2024-11-12T13:03:06.756550101Z,01JCG7GRV1RENWZCF7NVHV1RG7,2024-11-12T13:03:01.09015225Z,ads9f8134,2024-11-12T13:03:01.09015225Z,true,2024-11-12T13:03:34.535331861Z,role2,2024-11-12T13:03:05.184787809Z,0,2024-11-12T13:04:26.432200353Z,"{""basicpay"":2.5,""featureUrl"":""https://raw.githubusercontent.com/joshua-a-becker/RTools/master/testscoresheet.json"",""formalSubmitDuration"":60,""formalVoteDuration"":60,""informalSubmitDuration"":600,""numRounds"":1,""playerCount"":3,""scenario"":""pilot_easy_scaled"",""settingsUrl"":""https://challenge.negotiation.education/json/settings.json""}",2024-11-12T13:03:01.105952653Z,pilot_easy_scaled,2024-11-12T13:03:01.105952653Z,"{""skipIntro"":""T"",""playerId"":""ads9f8134""}",2024-11-12T13:03:01.122987499Z,,
01JDVR3ZNA21CJB9ZVW7DXW6KS,"[{""roundIndex"":0,""totalPoints"":0,""roleName"":""Technician"",""role"":""role3""}]",2024-11-29T10:45:29.996440046Z,[],2024-11-29T10:41:04.295543119Z,0,2024-11-29T10:45:29.996440046Z,game terminated,2024-11-29T10:45:29.977242126Z,01JDVR3J8RMG1R1AJPV7BMSQ5B,2024-11-29T10:40:28.351088302Z,true,2024-11-29T10:40:28.362536434Z,Designer,2024-11-29T10:41:05.33389078Z,01JDVR3ZMDXEZAE24D1QCQRY2D,2024-11-29T10:40:28.330646511Z,0001b,2024-11-29T10:40:28.330646511Z,true,2024-11-29T10:41:10.166013282Z,role2,2024-11-29T10:41:04.295543119Z,0,2024-11-29T10:45:29.996440046Z,"{""basicpay"":2.5,""featureUrl"":""https://raw.githubusercontent.com/joshua-a-becker/RTools/master/testscoresheet.json"",""formalSubmitDuration"":60,""formalVoteDuration"":60,""informalSubmitDuration"":600,""numRounds"":1,""playerCount"":4,""scenario"":""pilot_easy_scaled"",""settingsUrl"":""https://challenge.negotiation.education/json/settings.json""}",2024-11-29T10:40:28.351088302Z,pilot_easy_scaled,2024-11-29T10:40:28.351088302Z,"{""skipIntro"":""T"",""playerId"":""0001b""}",2024-11-29T10:40:28.360765857Z,,
01JDVRDDD939NE6ABDNSH1WZS1,"[{""roundIndex"":0,""totalPoints"":0,""roleName"":""Product Head"",""role"":""role1""},{""roundIndex"":0,""totalPoints"":0,""roleName"":""Technician"",""role"":""role3""},{""roundIndex"":0,""totalPoints"":0,""roleName"":""Designer"",""role"":""role2""},{""roundIndex"":0,""totalPoints"":0,""roleName"":""Product Head"",""role"":""role1""}]",2024-11-29T10:58:08.277538624Z,"[{""round"":""Laptop"",""bonus"":0}]",2024-11-29T10:58:08.353138079Z,0,2024-11-29T10:56:08.019022785Z,game ended,2024-11-29T14:18:08.488099953Z,01JDVRD8KJNHNWW9RT986J4SZ5,2024-11-29T10:45:37.345031332Z,true,2024-11-29T10:45:37.354659289Z,Product Head,2024-11-29T10:46:08.223884877Z,01JDVRDDC9R2BTWYGMBW9ENRSH,2024-11-29T10:45:37.321405315Z,0002a,2024-11-29T10:45:37.321405315Z,true,2024-11-29T10:46:09.321126668Z,role1,2024-11-29T10:46:07.39598356Z,0,2024-11-29T10:56:08.019022785Z,"{""basicpay"":2.5,""featureUrl"":""https://raw.githubusercontent.com/joshua-a-becker/RTools/master/testscoresheet.json"",""formalSubmitDuration"":60,""formalVoteDuration"":60,""informalSubmitDuration"":600,""numRounds"":1,""playerCount"":4,""scenario"":""pilot_easy_scaled"",""settingsUrl"":""https://challenge.negotiation.education/json/settings.json""}",2024-11-29T10:45:37.345031332Z,pilot_easy_scaled,2024-11-29T10:45:37.345031332Z,"{""skipIntro"":""T"",""playerId"":""0002a""}",2024-11-29T10:45:37.353943966Z,null,2024-11-29T10:57:08.290929846Z
01JCG7CZN2E2GRWTPPRKNQ1RSH,,,,,,,game terminated,2024-11-12T13:01:13.213293415Z,01JCG7C3DTEHSQJ8ZZW4Q3HAYK,2024-11-12T13:00:56.897753102Z,true,2024-11-12T13:00:56.919455142Z,,,01JCG7CZKPD9CB8W0N5GBDQF84,2024-11-12T13:00:56.86633651Z,987f43asdfasdasdfasdfasdf,2024-11-12T13:00:56.86633651Z,,,,,,,"{""basicpay"":2.5,""featureUrl"":""https://raw.githubusercontent.com/Nisansali/MorePlayers/refs/heads/main/MorePlayes/Players.json"",""formalSubmitDuration"":60,""formalVoteDuration"":60,""informalSubmitDuration"":600,""numRounds"":1,""playerCount"":3,""scenario"":""pilot_easy_scaled"",""settingsUrl"":""https://challenge.negotiation.education/json/settings.json""}",2024-11-12T13:00:56.897753102Z,pilot_easy_scaled,2024-11-12T13:00:56.897753102Z,"{""skipIntro"":""T"",""playerId"":""987f43asdfasdasdfasdfasdf""}",2024-11-12T13:00:56.923067906Z,,
01JCG7E100XTJA3BWBYN9E6P8S,,,,,,,game terminated,2024-11-12T13:02:46.015182407Z,01JCG7DNMFKQTDWDBDW4YT29M3,2024-11-12T13:01:31.104927805Z,,,,,01JCG7E0XPF7XDQSWNB3ME74Q0,2024-11-12T13:01:31.008476639Z,ads9f81,2024-11-12T13:01:31.008476639Z,,,,,,,"{""basicpay"":2.5,""featureUrl"":""https://raw.githubusercontent.com/Nisansali/MorePlayers/refs/heads/main/MorePlayes/Players.json"",""formalSubmitDuration"":60,""formalVoteDuration"":60,""informalSubmitDuration"":600,""numRounds"":1,""playerCount"":3,""scenario"":""pilot_easy_scaled"",""settingsUrl"":""https://challenge.negotiation.education/json/settings.json""}",2024-11-12T13:01:31.100360139Z,pilot_easy_scaled,2024-11-12T13:01:31.100360139Z,,,,
01JCG7QGEEGA92S9QFWF1Y6VHE,,,,,,,no more games,2024-11-12T13:06:41.816880338Z,null,2024-11-12T13:06:41.816880338Z,true,2024-11-12T13:06:41.811116781Z,,,01JCG7QG8RCHYCBSFPQJA3V9FB,2024-11-12T13:06:41.743088027Z,987f43asdfasdasdfasdf44adsfasa9sdf79a8sd7f,2024-11-12T13:06:41.743088027Z,,,,,,,"{""basicpay"":2.5,""featureUrl"":""https://raw.githubusercontent.com/Nisansali/MorePlayers/refs/heads/main/MorePlayes/Players.json"",""formalSubmitDuration"":60,""formalVoteDuration"":60,""informalSubmitDuration"":600,""numRounds"":1,""playerCount"":3,""scenario"":""pilot_easy_scaled"",""settingsUrl"":""https://challenge.negotiation.education/json/settings.json""}",2024-11-12T13:06:41.762160806Z,pilot_easy_scaled,2024-11-12T13:06:41.762160806Z,"{""skipIntro"":""T"",""playerId"":""987f43asdfasdasdfasdf44adsfasa9sdf79a8sd7f""}",2024-11-12T13:06:41.808645529Z,,
01JDVR3Z6M6MJT9X3NZHT54D45,[],2024-11-29T10:45:29.996440046Z,[],2024-11-29T10:41:04.295543119Z,0,2024-11-29T10:45:29.996440046Z,game terminated,2024-11-29T10:45:29.977242126Z,01JDVR3J8RMG1R1AJPV7BMSQ5B,2024-11-29T10:40:27.882188517Z,true,2024-11-29T10:40:27.896150282Z,Technician,2024-11-29T10:41:05.333340469Z,01JDVR3Z5AJH60KB56831M3R0E,2024-11-29T10:40:27.8605997Z,0001a,2024-11-29T10:40:27.8605997Z,true,2024-11-29T10:41:17.436802787Z,role3,2024-11-29T10:41:04.295543119Z,0,2024-11-29T10:45:29.996440046Z,"{""basicpay"":2.5,""featureUrl"":""https://raw.githubusercontent.com/joshua-a-becker/RTools/master/testscoresheet.json"",""formalSubmitDuration"":60,""formalVoteDuration"":60,""informalSubmitDuration"":600,""numRounds"":1,""playerCount"":4,""scenario"":""pilot_easy_scaled"",""settingsUrl"":""https://challenge.negotiation.education/json/settings.json""}",2024-11-29T10:40:27.882188517Z,pilot_easy_scaled,2024-11-29T10:40:27.882188517Z,"{""skipIntro"":""T"",""playerId"":""0001a""}",2024-11-29T10:40:27.897292143Z,,
01JDVREAND92W3AX113A9EM3J4,"[{""roundIndex"":0,""totalPoints"":0,""roleName"":""Product Head"",""role"":""role1""},{""roundIndex"":0,""totalPoints"":0,""roleName"":""Technician"",""role"":""role3""},{""roundIndex"":0,""totalPoints"":0,""roleName"":""Designer"",""role"":""role2""},{""roundIndex"":0,""totalPoints"":0,""roleName"":""Product Head"",""role"":""role1""},{""roundIndex"":0,""totalPoints"":0,""roleName"":""Product Head"",""role"":""role1""},{""roundIndex"":0,""totalPoints"":0,""roleName"":""Technician"",""role"":""role3""},{""roundIndex"":0,""totalPoints"":0,""roleName"":""Designer"",""role"":""role2""}]",2024-11-29T10:58:08.277538624Z,"[{""round"":""Laptop"",""bonus"":0}]",2024-11-29T10:58:08.353138079Z,0,2024-11-29T10:56:08.019022785Z,game ended,2024-11-29T14:18:08.488099953Z,01JDVRD8KJNHNWW9RT986J4SZ5,2024-11-29T10:46:07.307475924Z,true,2024-11-29T10:46:07.321742444Z,Product Head,2024-11-29T10:46:08.231846115Z,01JDVREAM4AAYQW7C75FVTE36E,2024-11-29T10:46:07.277242068Z,0002d,2024-11-29T10:46:07.277242068Z,true,2024-11-29T10:46:09.658610896Z,role1,2024-11-29T10:46:07.39598356Z,0,2024-11-29T10:56:08.019022785Z,"{""basicpay"":2.5,""featureUrl"":""https://raw.githubusercontent.com/joshua-a-becker/RTools/master/testscoresheet.json"",""formalSubmitDuration"":60,""formalVoteDuration"":60,""informalSubmitDuration"":600,""numRounds"":1,""playerCount"":4,""scenario"":""pilot_easy_scaled"",""settingsUrl"":""https://challenge.negotiation.education/json/settings.json""}",2024-11-29T10:46:07.307475924Z,pilot_easy_scaled,2024-11-29T10:46:07.307475924Z,"{""skipIntro"":""T"",""playerId"":""0002d""}",2024-11-29T10:46:07.321016816Z,null,2024-11-29T10:57:08.300243323Z
01JCG7VCPGEDC2CAMFKWN2VV75,"[{""roundIndex"":0,""totalPoints"":0,""roleName"":""Technician"",""role"":""role3""},{""roundIndex"":0,""totalPoints"":0,""roleName"":""Designer"",""role"":""role2""},{""roundIndex"":0,""totalPoints"":0,""roleName"":""Product Head"",""role"":""role1""},{""roundIndex"":0,""totalPoints"":0,""roleName"":""Technician"",""role"":""role3""}]",2024-11-12T13:20:49.97676784Z,[],2024-11-12T13:08:49.278221189Z,0,2024-11-12T13:18:49.738371299Z,game terminated,2024-11-29T10:45:31.663825118Z,01JCG7TSQNZXJSY48E0C3XF8KK,2024-11-12T13:08:49.007486157Z,true,2024-11-12T13:08:49.027871469Z,Technician,2024-11-12T13:08:50.276037387Z,01JCG7VCNG4GWSCF28A44JJNF1,2024-11-12T13:08:48.976732042Z,123,2024-11-12T13:08:48.976732042Z,true,2024-11-12T13:08:52.812920733Z,role3,2024-11-12T13:08:49.278221189Z,0,2024-11-12T13:18:49.738371299Z,"{""basicpay"":2.5,""featureUrl"":""https://raw.githubusercontent.com/joshua-a-becker/RTools/master/testscoresheet.json"",""formalSubmitDuration"":60,""formalVoteDuration"":60,""informalSubmitDuration"":600,""numRounds"":1,""playerCount"":4,""scenario"":""pilot_easy_scaled"",""settingsUrl"":""https://challenge.negotiation.education/json/settings.json""}",2024-11-12T13:08:49.007486157Z,pilot_easy_scaled,2024-11-12T13:08:49.007486157Z,"{""skipIntro"":""T"",""playerId"":""123""}",2024-11-12T13:08:49.029536188Z,,
01JCG7VCSXRWEBG3PT97XP78CF,"[{""roundIndex"":0,""totalPoints"":0,""roleName"":""Technician"",""role"":""role3""},{""roundIndex"":0,""totalPoints"":0,""roleName"":""Designer"",""role"":""role2""},{""roundIndex"":0,""totalPoints"":0,""roleName"":""Product Head"",""role"":""role1""},{""roundIndex"":0,""totalPoints"":0,""roleName"":""Technician"",""role"":""role3""},{""roundIndex"":0,""totalPoints"":0,""roleName"":""Technician"",""role"":""role3""},{""roundIndex"":0,""totalPoints"":0,""roleName"":""Designer"",""role"":""role2""}]",2024-11-12T13:20:49.97676784Z,[],2024-11-12T13:08:49.278221189Z,0,2024-11-12T13:18:49.738371299Z,game terminated,2024-11-29T10:45:31.663825118Z,01JCG7TSQNZXJSY48E0C3XF8KK,2024-11-12T13:08:49.165297222Z,true,2024-11-12T13:08:49.176740016Z,Product Head,2024-11-12T13:08:50.273613551Z,01JCG7VCNHJM6FABVG28M7XAY2,2024-11-12T13:08:49.085414662Z,12334,2024-11-12T13:08:49.085414662Z,true,2024-11-12T13:08:54.339658024Z,role1,2024-11-12T13:08:49.278221189Z,0,2024-11-12T13:18:49.738371299Z,"{""basicpay"":2.5,""featureUrl"":""https://raw.githubusercontent.com/joshua-a-becker/RTools/master/testscoresheet.json"",""formalSubmitDuration"":60,""formalVoteDuration"":60,""informalSubmitDuration"":600,""numRounds"":1,""playerCount"":4,""scenario"":""pilot_easy_scaled"",""settingsUrl"":""https://challenge.negotiation.education/json/settings.json""}",2024-11-12T13:08:49.165297222Z,pilot_easy_scaled,2024-11-12T13:08:49.165297222Z,"{""skipIntro"":""T"",""playerId"":""12334""}",2024-11-12T13:08:49.179124342Z,,
01JDVRDEEFGBSW8ZYYAJZYXFN7,"[{""roundIndex"":0,""totalPoints"":0,""roleName"":""Product Head"",""role"":""role1""},{""roundIndex"":0,""totalPoints"":0,""roleName"":""Technician"",""role"":""role3""},{""roundIndex"":0,""totalPoints"":0,""roleName"":""Designer"",""role"":""role2""},{""roundIndex"":0,""totalPoints"":0,""roleName"":""Product Head"",""role"":""role1""},{""roundIndex"":0,""totalPoints"":0,""roleName"":""Product Head"",""role"":""role1""}]",2024-11-29T10:58:08.277538624Z,"[{""round"":""Laptop"",""bonus"":0}]",2024-11-29T10:58:08.353138079Z,0,2024-11-29T10:56:08.019022785Z,game ended,2024-11-29T14:18:08.488099953Z,01JDVRD8KJNHNWW9RT986J4SZ5,2024-11-29T10:45:38.411803199Z,true,2024-11-29T10:45:38.426740233Z,Technician,2024-11-29T10:46:08.227121269Z,01JDVRDEDHWEF32WPZ0FG6M86M,2024-11-29T10:45:38.383514696Z,0002b,2024-11-29T10:45:38.383514696Z,true,2024-11-29T10:46:11.490654527Z,role3,2024-11-29T10:46:07.39598356Z,0,2024-11-29T10:56:08.019022785Z,"{""basicpay"":2.5,""featureUrl"":""https://raw.githubusercontent.com/joshua-a-becker/RTools/master/testscoresheet.json"",""formalSubmitDuration"":60,""formalVoteDuration"":60,""informalSubmitDuration"":600,""numRounds"":1,""playerCount"":4,""scenario"":""pilot_easy_scaled"",""settingsUrl"":""https://challenge.negotiation.education/json/settings.json""}",2024-11-29T10:45:38.411803199Z,pilot_easy_scaled,2024-11-29T10:45:38.411803199Z,"{""skipIntro"":""T"",""playerId"":""0002b""}",2024-11-29T10:45:38.427972886Z,null,2024-11-29T10:57:08.299005349Z
01JCG7CP505RXVEXEAC1KQQMHX,,,,,,,game terminated,2024-11-12T13:01:13.19229298Z,01JCG7C3CQRYB5SMFPK669N2AW,2024-11-12T13:00:47.265235471Z,true,2024-11-12T13:00:47.191969159Z,,,01JCG7CP0YHRKG3YR307527CY0,2024-11-12T13:00:47.136382907Z,987f43asdfasdasdfasdf,2024-11-12T13:00:47.136382907Z,,,,,,,"{""basicpay"":2.5,""featureUrl"":""https://raw.githubusercontent.com/Nisansali/MorePlayers/refs/heads/main/MorePlayes/Players.json"",""formalSubmitDuration"":60,""formalVoteDuration"":60,""informalSubmitDuration"":600,""numRounds"":1,""playerCount"":3,""scenario"":""pilot_easy_scaled"",""settingsUrl"":""https://challenge.negotiation.education/json/settings.json""}",2024-11-12T13:00:47.169520315Z,pilot_easy_scaled,2024-11-12T13:00:47.169520315Z,"{""skipIntro"":""T"",""playerId"":""987f43asdfasdasdfasdf""}",2024-11-12T13:00:47.198904349Z,,
01JCG7D3568EA4GF3J7J51RPX8,,,,,,,game terminated,2024-11-12T13:01:13.213293415Z,01JCG7C3DTEHSQJ8ZZW4Q3HAYK,2024-11-12T13:01:00.50185779Z,true,2024-11-12T13:01:00.612081299Z,,,01JCG7D33XAB1RECCAC32TZHMF,2024-11-12T13:01:00.454688575Z,987f43asdfasdaisduyfiasudfasdf,2024-11-12T13:01:00.454688575Z,,,,,,,"{""basicpay"":2.5,""featureUrl"":""https://raw.githubusercontent.com/Nisansali/MorePlayers/refs/heads/main/MorePlayes/Players.json"",""formalSubmitDuration"":60,""formalVoteDuration"":60,""informalSubmitDuration"":600,""numRounds"":1,""playerCount"":3,""scenario"":""pilot_easy_scaled"",""settingsUrl"":""https://challenge.negotiation.education/json/settings.json""}",2024-11-12T13:01:00.50185779Z,pilot_easy_scaled,2024-11-12T13:01:00.50185779Z,"{""skipIntro"":""T"",""playerId"":""987f43asdfasdaisduyfiasudfasdf""}",2024-11-12T13:01:00.6158627Z,,
01JCG7E21KN2TF6VG71GRR6AWE,,,,,,,game terminated,2024-11-12T13:02:46.0406677Z,01JCG7DNMT49TB15VGSVW8GGYR,2024-11-12T13:01:32.149963399Z,true,2024-11-12T13:01:32.241271721Z,,,01JCG7E1YJDGN7XFBJ1S5T6D1J,2024-11-12T13:01:32.083055183Z,ads9f812,2024-11-12T13:01:32.083055183Z,,,,,,,"{""basicpay"":2.5,""featureUrl"":""https://raw.githubusercontent.com/Nisansali/MorePlayers/refs/heads/main/MorePlayes/Players.json"",""formalSubmitDuration"":60,""formalVoteDuration"":60,""informalSubmitDuration"":600,""numRounds"":1,""playerCount"":3,""scenario"":""pilot_easy_scaled"",""settingsUrl"":""https://challenge.negotiation.education/json/settings.json""}",2024-11-12T13:01:32.124251969Z,pilot_easy_scaled,2024-11-12T13:01:32.124251969Z,"{""skipIntro"":""T"",""playerId"":""ads9f812""}",2024-11-12T13:01:32.232197881Z,,
01JCG7GV98H33ETMKDMMZKSGW7,"[{""roundIndex"":0,""totalPoints"":0,""roleName"":""Technician"",""role"":""role3""},{""roundIndex"":0,""totalPoints"":0,""roleName"":""Designer"",""role"":""role2""}]",2024-11-12T13:04:26.432200353Z,[],2024-11-12T13:03:05.184787809Z,0,2024-11-12T13:04:26.432200353Z,game terminated,2024-11-12T13:04:26.394096345Z,01JCG7GFJG4S4ZGB191NPGZX84,2024-11-12T13:03:03.483240299Z,true,2024-11-12T13:03:03.512900982Z,Product Head,2024-11-12T13:03:06.757363901Z,01JCG7GV3V6A9QY46J7KFH7QKR,2024-11-12T13:03:03.464991824Z,ads9f818d,2024-11-12T13:03:03.464991824Z,true,2024-11-12T13:03:32.290215568Z,role1,2024-11-12T13:03:05.184787809Z,0,2024-11-12T13:04:26.432200353Z,"{""basicpay"":2.5,""featureUrl"":""https://raw.githubusercontent.com/joshua-a-becker/RTools/master/testscoresheet.json"",""formalSubmitDuration"":60,""formalVoteDuration"":60,""informalSubmitDuration"":600,""numRounds"":1,""playerCount"":3,""scenario"":""pilot_easy_scaled"",""settingsUrl"":""https://challenge.negotiation.education/json/settings.json""}",2024-11-12T13:03:03.483240299Z,pilot_easy_scaled,2024-11-12T13:03:03.483240299Z,"{""skipIntro"":""T"",""playerId"":""ads9f818d""}",2024-11-12T13:03:03.507907728Z,,
01JCG7QGB6SCN9P8CR087829HQ,"[{""roundIndex"":0,""totalPoints"":0,""roleName"":""Technician"",""role"":""role3""},{""roundIndex"":0,""totalPoints"":0,""roleName"":""Product Head"",""role"":""role1""}]",2024-11-12T13:08:24.948824745Z,[],2024-11-12T13:06:41.874195076Z,0,2024-11-12T13:08:24.948824745Z,game terminated,2024-11-12T13:08:24.910410158Z,01JCG7PV8HD4TBE9971P1M3SWT,2024-11-12T13:06:41.663143899Z,true,2024-11-12T13:06:41.686332033Z,Designer,2024-11-12T13:06:42.713779468Z,01JCG7QG8NYA6V1J6Z9VBYXTPR,2024-11-12T13:06:41.638350681Z,987f43asdfasdasdfasdf44adsfas,2024-11-12T13:06:41.638350681Z,,,role2,2024-11-12T13:06:41.874195076Z,0,2024-11-12T13:08:24.948824745Z,"{""basicpay"":2.5,""featureUrl"":""https://raw.githubusercontent.com/Nisansali/MorePlayers/refs/heads/main/MorePlayes/Players.json"",""formalSubmitDuration"":60,""formalVoteDuration"":60,""informalSubmitDuration"":600,""numRounds"":1,""playerCount"":3,""scenario"":""pilot_easy_scaled"",""settingsUrl"":""https://challenge.negotiation.education/json/settings.json""}",2024-11-12T13:06:41.663143899Z,pilot_easy_scaled,2024-11-12T13:06:41.663143899Z,"{""skipIntro"":""T"",""playerId"":""987f43asdfasdasdfasdf44adsfas""}",2024-11-12T13:06:41.688096754Z,,
01JDVRDHHB9C0AKNB98TJ2MPHM,"[{""roundIndex"":0,""totalPoints"":0,""roleName"":""Product Head"",""role"":""role1""},{""roundIndex"":0,""totalPoints"":0,""roleName"":""Technician"",""role"":""role3""},{""roundIndex"":0,""totalPoints"":0,""roleName"":""Designer"",""role"":""role2""},{""roundIndex"":0,""totalPoints"":0,""roleName"":""Product Head"",""role"":""role1""},{""roundIndex"":0,""totalPoints"":0,""roleName"":""Product Head"",""role"":""role1""},{""roundIndex"":0,""totalPoints"":0,""roleName"":""Technician"",""role"":""role3""}]",2024-11-29T10:58:08.277538624Z,"[{""round"":""Laptop"",""bonus"":0}]",2024-11-29T10:58:08.353138079Z,0,2024-11-29T10:56:08.019022785Z,game ended,2024-11-29T14:18:08.488099953Z,01JDVRD8KJNHNWW9RT986J4SZ5,2024-11-29T10:45:41.574183031Z,true,2024-11-29T10:45:41.586749611Z,Designer,2024-11-29T10:46:08.226153856Z,01JDVRDHG46TJE9GQP3YSCX3JT,2024-11-29T10:45:41.547905242Z,0002c,2024-11-29T10:45:41.547905242Z,true,2024-11-29T10:46:13.246242576Z,role2,2024-11-29T10:46:07.39598356Z,0,2024-11-29T10:56:08.019022785Z,"{""basicpay"":2.5,""featureUrl"":""https://raw.githubusercontent.com/joshua-a-becker/RTools/master/testscoresheet.json"",""formalSubmitDuration"":60,""formalVoteDuration"":60,""informalSubmitDuration"":600,""numRounds"":1,""playerCount"":4,""scenario"":""pilot_easy_scaled"",""settingsUrl"":""https://challenge.negotiation.education/json/settings.json""}",2024-11-29T10:45:41.574183031Z,pilot_easy_scaled,2024-11-29T10:45:41.574183031Z,"{""skipIntro"":""T"",""playerId"":""0002c""}",2024-11-29T10:45:41.587983202Z,null,2024-11-29T10:57:08.297652453Z
