id,batchID,batchIDLastChangedAt,gameID,gameIDLastChangedAt,playerID,playerIDLastChangedAt,roundID,roundIDLastChangedAt,stageID,stageIDLastChangedAt
01JCG8HCV8255V44V914HEYPW7,01JCG7TSP5PC9GF2GF7HPZBDHG,2024-11-12T13:20:50.024048853Z,01JCG7TSQNZXJSY48E0C3XF8KK,2024-11-12T13:20:50.024048853Z,01JCG7VCPGEDC2CAMFKWN2VV75,2024-11-12T13:20:50.024048853Z,01JCG7VCZXDG7558JT9EV688FZ,2024-11-12T13:20:50.024048853Z,01JCG7VD1SBXYSDQ4R9G5B555H,2024-11-12T13:20:50.024048853Z
01JDVREBAGB346SJXPMVNZXEH6,01JDVRD8JN23NA861SF1HV5M9T,2024-11-29T10:46:07.952783707Z,01JDVRD8KJNHNWW9RT986J4SZ5,2024-11-29T10:46:07.952783707Z,01JDVRDEEFGBSW8ZYYAJZYXFN7,2024-11-29T10:46:07.952783707Z,01JDVREAS1K9VX0MY7ZT4FRQ25,2024-11-29T10:46:07.952783707Z,01JDVREAWDDTM1QCMTPTEHN7HR,2024-11-29T10:46:07.952783707Z
01JCG7QH0HF5ACEJ8VE87T23JG,01JCG7PV7PN32KWBT66BVHXXKZ,2024-11-12T13:06:42.321114201Z,01JCG7PV8HD4TBE9971P1M3SWT,2024-11-12T13:06:42.321114201Z,01JCG7QGA4JQWX3Q268ZJKVVYA,2024-11-12T13:06:42.321114201Z,01JCG7QGJFKFV00HY44P3K6FDQ,2024-11-12T13:06:42.321114201Z,01JCG7QGMGPZFK439SQHREGGMF,2024-11-12T13:06:42.321114201Z
01JCG7VDCZDBY1C569WF8H4XTF,01JCG7TSP5PC9GF2GF7HPZBDHG,2024-11-12T13:08:49.695195013Z,01JCG7TSQNZXJSY48E0C3XF8KK,2024-11-12T13:08:49.695195013Z,01JCG7VCPGEDC2CAMFKWN2VV75,2024-11-12T13:08:49.695195013Z,01JCG7VCZXDG7558JT9EV688FZ,2024-11-12T13:08:49.695195013Z,01JCG7VD1PR84G7C6S4ESVY69E,2024-11-12T13:08:49.695195013Z
01JCG8FJ4QVVRZ1BZ5RR5H3PRY,01JCG7TSP5PC9GF2GF7HPZBDHG,2024-11-12T13:19:49.911377409Z,01JCG7TSQNZXJSY48E0C3XF8KK,2024-11-12T13:19:49.911377409Z,01JCG7VCPGEDC2CAMFKWN2VV75,2024-11-12T13:19:49.911377409Z,01JCG7VCZXDG7558JT9EV688FZ,2024-11-12T13:19:49.911377409Z,01JCG7VD1R89H7MP79TP40D8FK,2024-11-12T13:19:49.911377409Z
01JCG8HCV8255V44V91KTDEF6E,01JCG7TSP5PC9GF2GF7HPZBDHG,2024-11-12T13:20:50.024790987Z,01JCG7TSQNZXJSY48E0C3XF8KK,2024-11-12T13:20:50.024790987Z,01JCG7VCQZF7JJZ4R7S83JV79C,2024-11-12T13:20:50.024790987Z,01JCG7VCZXDG7558JT9EV688FZ,2024-11-12T13:20:50.024790987Z,01JCG7VD1SBXYSDQ4R9G5B555H,2024-11-12T13:20:50.024790987Z
01JDVR53CNXKPTGAF9DAE4RJN8,01JDVR3J76E03K5YYJXNB0S2F5,2024-11-29T10:41:04.917118371Z,01JDVR3J8RMG1R1AJPV7BMSQ5B,2024-11-29T10:41:04.917118371Z,01JDVR4BZN3B1VY21MZB6JFW0F,2024-11-29T10:41:04.917118371Z,01JDVR52SCCJY7JT2TP4XS18J5,2024-11-29T10:41:04.917118371Z,01JDVR52VM3TDQJAKT3DA8C8H1,2024-11-29T10:41:04.917118371Z
01JDVREB9XC098JYWXSESET9J8,01JDVRD8JN23NA861SF1HV5M9T,2024-11-29T10:46:07.934011585Z,01JDVRD8KJNHNWW9RT986J4SZ5,2024-11-29T10:46:07.934011585Z,01JDVREAND92W3AX113A9EM3J4,2024-11-29T10:46:07.934011585Z,01JDVREAS1K9VX0MY7ZT4FRQ25,2024-11-29T10:46:07.934011585Z,01JDVREAWDDTM1QCMTPTEHN7HR,2024-11-29T10:46:07.934011585Z
01JDVS2G4B1YJX720WTYPXW6SB,01JDVRD8JN23NA861SF1HV5M9T,2024-11-29T10:57:08.235973494Z,01JDVRD8KJNHNWW9RT986J4SZ5,2024-11-29T10:57:08.235973494Z,01JDVREAND92W3AX113A9EM3J4,2024-11-29T10:57:08.235973494Z,01JDVREAS1K9VX0MY7ZT4FRQ25,2024-11-29T10:57:08.235973494Z,01JDVREAWEC1M37B43HGSJ8NK1,2024-11-29T10:57:08.235973494Z
01JDVS4ATA750NBR0MT70ETB94,01JDVRD8JN23NA861SF1HV5M9T,2024-11-29T10:58:08.330485703Z,01JDVRD8KJNHNWW9RT986J4SZ5,2024-11-29T10:58:08.330485703Z,01JDVREAND92W3AX113A9EM3J4,2024-11-29T10:58:08.330485703Z,01JDVREAS1K9VX0MY7ZT4FRQ25,2024-11-29T10:58:08.330485703Z,01JDVREAWFXA9ZRKJ8Z0Y2XF46,2024-11-29T10:58:08.330485703Z
01JCG7GXGGKJTHBBECBCM85SCC,01JCG7GFGZN0DH4JKAFRE1YSPV,2024-11-12T13:03:05.744059598Z,01JCG7GFJG4S4ZGB191NPGZX84,2024-11-12T13:03:05.744059598Z,01JCG7GV98H33ETMKDMMZKSGW7,2024-11-12T13:03:05.744059598Z,01JCG7GWZ6XMP7AP93VABTY3B3,2024-11-12T13:03:05.744059598Z,01JCG7GX1D9VB3SWMH4NV88FPB,2024-11-12T13:03:05.744059598Z
01JCG7VDCZDBY1C569WXJTYHCC,01JCG7TSP5PC9GF2GF7HPZBDHG,2024-11-12T13:08:49.695762849Z,01JCG7TSQNZXJSY48E0C3XF8KK,2024-11-12T13:08:49.695762849Z,01JCG7VCSXRWEBG3PT97XP78CF,2024-11-12T13:08:49.695762849Z,01JCG7VCZXDG7558JT9EV688FZ,2024-11-12T13:08:49.695762849Z,01JCG7VD1PR84G7C6S4ESVY69E,2024-11-12T13:08:49.695762849Z
01JCG8FJ4F5V4F9D3MGSRJVD3Q,01JCG7TSP5PC9GF2GF7HPZBDHG,2024-11-12T13:19:49.903111115Z,01JCG7TSQNZXJSY48E0C3XF8KK,2024-11-12T13:19:49.903111115Z,01JCG7VCQZF7JJZ4R7S83JV79C,2024-11-12T13:19:49.903111115Z,01JCG7VCZXDG7558JT9EV688FZ,2024-11-12T13:19:49.903111115Z,01JCG7VD1R89H7MP79TP40D8FK,2024-11-12T13:19:49.903111115Z
01JDVS0NBR84MSC6CJBCG4S643,01JDVRD8JN23NA861SF1HV5M9T,2024-11-29T10:56:08.057003891Z,01JDVRD8KJNHNWW9RT986J4SZ5,2024-11-29T10:56:08.057003891Z,01JDVREAND92W3AX113A9EM3J4,2024-11-29T10:56:08.057003891Z,01JDVREAS1K9VX0MY7ZT4FRQ25,2024-11-29T10:56:08.057003891Z,01JDVREAWEC1M37B43GQYJZK2R,2024-11-29T10:56:08.057003891Z
01JCG7QH0K4C6WS7BMFZZX3V45,01JCG7PV7PN32KWBT66BVHXXKZ,2024-11-12T13:06:42.323206709Z,01JCG7PV8HD4TBE9971P1M3SWT,2024-11-12T13:06:42.323206709Z,01JCG7QGD4TZCGXSJX3ZEQW4P0,2024-11-12T13:06:42.323206709Z,01JCG7QGJFKFV00HY44P3K6FDQ,2024-11-12T13:06:42.323206709Z,01JCG7QGMGPZFK439SQHREGGMF,2024-11-12T13:06:42.323206709Z
01JCG8DQE984QBHCFWR0B065QT,01JCG7TSP5PC9GF2GF7HPZBDHG,2024-11-12T13:18:49.801990301Z,01JCG7TSQNZXJSY48E0C3XF8KK,2024-11-12T13:18:49.801990301Z,01JCG7VCPGEDC2CAMFKWN2VV75,2024-11-12T13:18:49.801990301Z,01JCG7VCZXDG7558JT9EV688FZ,2024-11-12T13:18:49.801990301Z,01JCG7VD1Q3F81ZSYQYS95BEZF,2024-11-12T13:18:49.801990301Z
01JCG8FJ4EQYYGGMQS1XFJN5Y5,01JCG7TSP5PC9GF2GF7HPZBDHG,2024-11-12T13:19:49.902412546Z,01JCG7TSQNZXJSY48E0C3XF8KK,2024-11-12T13:19:49.902412546Z,01JCG7VCVR8QNMQHSC1DP7PM98,2024-11-12T13:19:49.902412546Z,01JCG7VCZXDG7558JT9EV688FZ,2024-11-12T13:19:49.902412546Z,01JCG7VD1R89H7MP79TP40D8FK,2024-11-12T13:19:49.902412546Z
01JCG8FJ4KX86PY040K88VPC5A,01JCG7TSP5PC9GF2GF7HPZBDHG,2024-11-12T13:19:49.907754664Z,01JCG7TSQNZXJSY48E0C3XF8KK,2024-11-12T13:19:49.907754664Z,01JCG7VCSXRWEBG3PT97XP78CF,2024-11-12T13:19:49.907754664Z,01JCG7VCZXDG7558JT9EV688FZ,2024-11-12T13:19:49.907754664Z,01JCG7VD1R89H7MP79TP40D8FK,2024-11-12T13:19:49.907754664Z
01JCG8DQE8B5F37D9X2WC83BVV,01JCG7TSP5PC9GF2GF7HPZBDHG,2024-11-12T13:18:49.800340977Z,01JCG7TSQNZXJSY48E0C3XF8KK,2024-11-12T13:18:49.800340977Z,01JCG7VCQZF7JJZ4R7S83JV79C,2024-11-12T13:18:49.800340977Z,01JCG7VCZXDG7558JT9EV688FZ,2024-11-12T13:18:49.800340977Z,01JCG7VD1Q3F81ZSYQYS95BEZF,2024-11-12T13:18:49.800340977Z
01JCG8HCVF231C4CAVSGKR948Z,01JCG7TSP5PC9GF2GF7HPZBDHG,2024-11-12T13:20:50.031322535Z,01JCG7TSQNZXJSY48E0C3XF8KK,2024-11-12T13:20:50.031322535Z,01JCG7VCVR8QNMQHSC1DP7PM98,2024-11-12T13:20:50.031322535Z,01JCG7VCZXDG7558JT9EV688FZ,2024-11-12T13:20:50.031322535Z,01JCG7VD1SBXYSDQ4R9G5B555H,2024-11-12T13:20:50.031322535Z
01JDVREBA3MTTNT4BEC72WCWNE,01JDVRD8JN23NA861SF1HV5M9T,2024-11-29T10:46:07.939132364Z,01JDVRD8KJNHNWW9RT986J4SZ5,2024-11-29T10:46:07.939132364Z,01JDVRDDD939NE6ABDNSH1WZS1,2024-11-29T10:46:07.939132364Z,01JDVREAS1K9VX0MY7ZT4FRQ25,2024-11-29T10:46:07.939132364Z,01JDVREAWDDTM1QCMTPTEHN7HR,2024-11-29T10:46:07.939132364Z
01JDVREBAFN7SNWSWHPGZX1TE6,01JDVRD8JN23NA861SF1HV5M9T,2024-11-29T10:46:07.951338918Z,01JDVRD8KJNHNWW9RT986J4SZ5,2024-11-29T10:46:07.951338918Z,01JDVRDHHB9C0AKNB98TJ2MPHM,2024-11-29T10:46:07.951338918Z,01JDVREAS1K9VX0MY7ZT4FRQ25,2024-11-29T10:46:07.951338918Z,01JDVREAWDDTM1QCMTPTEHN7HR,2024-11-29T10:46:07.951338918Z
01JDVS4ATEJDCZDQ05C4FWE8FH,01JDVRD8JN23NA861SF1HV5M9T,2024-11-29T10:58:08.334242486Z,01JDVRD8KJNHNWW9RT986J4SZ5,2024-11-29T10:58:08.334242486Z,01JDVRDDD939NE6ABDNSH1WZS1,2024-11-29T10:58:08.334242486Z,01JDVREAS1K9VX0MY7ZT4FRQ25,2024-11-29T10:58:08.334242486Z,01JDVREAWFXA9ZRKJ8Z0Y2XF46,2024-11-29T10:58:08.334242486Z
01JCG7GXGBHJ4NHX874VGWXT9Y,01JCG7GFGZN0DH4JKAFRE1YSPV,2024-11-12T13:03:05.739706291Z,01JCG7GFJG4S4ZGB191NPGZX84,2024-11-12T13:03:05.739706291Z,01JCG7GRZ22TF10VVVA7CF8VMY,2024-11-12T13:03:05.739706291Z,01JCG7GWZ6XMP7AP93VABTY3B3,2024-11-12T13:03:05.739706291Z,01JCG7GX1D9VB3SWMH4NV88FPB,2024-11-12T13:03:05.739706291Z
01JCG7QH0M693XF2YZ715EXS0H,01JCG7PV7PN32KWBT66BVHXXKZ,2024-11-12T13:06:42.324066868Z,01JCG7PV8HD4TBE9971P1M3SWT,2024-11-12T13:06:42.324066868Z,01JCG7QGB6SCN9P8CR087829HQ,2024-11-12T13:06:42.324066868Z,01JCG7QGJFKFV00HY44P3K6FDQ,2024-11-12T13:06:42.324066868Z,01JCG7QGMGPZFK439SQHREGGMF,2024-11-12T13:06:42.324066868Z
01JCG7VDCXEJWJDPBQJHHXF22S,01JCG7TSP5PC9GF2GF7HPZBDHG,2024-11-12T13:08:49.693880153Z,01JCG7TSQNZXJSY48E0C3XF8KK,2024-11-12T13:08:49.693880153Z,01JCG7VCVR8QNMQHSC1DP7PM98,2024-11-12T13:08:49.693880153Z,01JCG7VCZXDG7558JT9EV688FZ,2024-11-12T13:08:49.693880153Z,01JCG7VD1PR84G7C6S4ESVY69E,2024-11-12T13:08:49.693880153Z
01JCG8HCVF231C4CAVSXH5X90A,01JCG7TSP5PC9GF2GF7HPZBDHG,2024-11-12T13:20:50.031911892Z,01JCG7TSQNZXJSY48E0C3XF8KK,2024-11-12T13:20:50.031911892Z,01JCG7VCSXRWEBG3PT97XP78CF,2024-11-12T13:20:50.031911892Z,01JCG7VCZXDG7558JT9EV688FZ,2024-11-12T13:20:50.031911892Z,01JCG7VD1SBXYSDQ4R9G5B555H,2024-11-12T13:20:50.031911892Z
01JDVS0NBPKAMVE7J7N2AT9NKY,01JDVRD8JN23NA861SF1HV5M9T,2024-11-29T10:56:08.05584623Z,01JDVRD8KJNHNWW9RT986J4SZ5,2024-11-29T10:56:08.05584623Z,01JDVRDDD939NE6ABDNSH1WZS1,2024-11-29T10:56:08.05584623Z,01JDVREAS1K9VX0MY7ZT4FRQ25,2024-11-29T10:56:08.05584623Z,01JDVREAWEC1M37B43GQYJZK2R,2024-11-29T10:56:08.05584623Z
01JDVS0NBSV80D6JFR2DWF60FZ,01JDVRD8JN23NA861SF1HV5M9T,2024-11-29T10:56:08.057458319Z,01JDVRD8KJNHNWW9RT986J4SZ5,2024-11-29T10:56:08.057458319Z,01JDVRDHHB9C0AKNB98TJ2MPHM,2024-11-29T10:56:08.057458319Z,01JDVREAS1K9VX0MY7ZT4FRQ25,2024-11-29T10:56:08.057458319Z,01JDVREAWEC1M37B43GQYJZK2R,2024-11-29T10:56:08.057458319Z
01JDVS4ATA750NBR0MTN5SKCNJ,01JDVRD8JN23NA861SF1HV5M9T,2024-11-29T10:58:08.330931744Z,01JDVRD8KJNHNWW9RT986J4SZ5,2024-11-29T10:58:08.330931744Z,01JDVRDEEFGBSW8ZYYAJZYXFN7,2024-11-29T10:58:08.330931744Z,01JDVREAS1K9VX0MY7ZT4FRQ25,2024-11-29T10:58:08.330931744Z,01JDVREAWFXA9ZRKJ8Z0Y2XF46,2024-11-29T10:58:08.330931744Z
01JCG7GXGEVECBFKENAS50YD0Z,01JCG7GFGZN0DH4JKAFRE1YSPV,2024-11-12T13:03:05.742727707Z,01JCG7GFJG4S4ZGB191NPGZX84,2024-11-12T13:03:05.742727707Z,01JCG7GWTK1ABN01YGBHTVGEZX,2024-11-12T13:03:05.742727707Z,01JCG7GWZ6XMP7AP93VABTY3B3,2024-11-12T13:03:05.742727707Z,01JCG7GX1D9VB3SWMH4NV88FPB,2024-11-12T13:03:05.742727707Z
01JDVR53CM9RKGJRYPX9ZSDT3M,01JDVR3J76E03K5YYJXNB0S2F5,2024-11-29T10:41:04.916227593Z,01JDVR3J8RMG1R1AJPV7BMSQ5B,2024-11-29T10:41:04.916227593Z,01JDVR3ZNA21CJB9ZVW7DXW6KS,2024-11-29T10:41:04.916227593Z,01JDVR52SCCJY7JT2TP4XS18J5,2024-11-29T10:41:04.916227593Z,01JDVR52VM3TDQJAKT3DA8C8H1,2024-11-29T10:41:04.916227593Z
01JDVS0NBWSDVNW4NHFX07HBDB,01JDVRD8JN23NA861SF1HV5M9T,2024-11-29T10:56:08.060635863Z,01JDVRD8KJNHNWW9RT986J4SZ5,2024-11-29T10:56:08.060635863Z,01JDVRDEEFGBSW8ZYYAJZYXFN7,2024-11-29T10:56:08.060635863Z,01JDVREAS1K9VX0MY7ZT4FRQ25,2024-11-29T10:56:08.060635863Z,01JDVREAWEC1M37B43GQYJZK2R,2024-11-29T10:56:08.060635863Z
01JDVS2G491B34HEB86ZSGPNRX,01JDVRD8JN23NA861SF1HV5M9T,2024-11-29T10:57:08.233425942Z,01JDVRD8KJNHNWW9RT986J4SZ5,2024-11-29T10:57:08.233425942Z,01JDVRDDD939NE6ABDNSH1WZS1,2024-11-29T10:57:08.233425942Z,01JDVREAS1K9VX0MY7ZT4FRQ25,2024-11-29T10:57:08.233425942Z,01JDVREAWEC1M37B43HGSJ8NK1,2024-11-29T10:57:08.233425942Z
01JDVS2G4CQ1X00NACZ3W1ZVVD,01JDVRD8JN23NA861SF1HV5M9T,2024-11-29T10:57:08.2368586Z,01JDVRD8KJNHNWW9RT986J4SZ5,2024-11-29T10:57:08.2368586Z,01JDVRDHHB9C0AKNB98TJ2MPHM,2024-11-29T10:57:08.2368586Z,01JDVREAS1K9VX0MY7ZT4FRQ25,2024-11-29T10:57:08.2368586Z,01JDVREAWEC1M37B43HGSJ8NK1,2024-11-29T10:57:08.2368586Z
01JDVS4AT9QQ0CVTZK9C6VAHRY,01JDVRD8JN23NA861SF1HV5M9T,2024-11-29T10:58:08.329375813Z,01JDVRD8KJNHNWW9RT986J4SZ5,2024-11-29T10:58:08.329375813Z,01JDVRDHHB9C0AKNB98TJ2MPHM,2024-11-29T10:58:08.329375813Z,01JDVREAS1K9VX0MY7ZT4FRQ25,2024-11-29T10:58:08.329375813Z,01JDVREAWFXA9ZRKJ8Z0Y2XF46,2024-11-29T10:58:08.329375813Z
01JCG7VDCYBQT6PMSW3040EP58,01JCG7TSP5PC9GF2GF7HPZBDHG,2024-11-12T13:08:49.694384718Z,01JCG7TSQNZXJSY48E0C3XF8KK,2024-11-12T13:08:49.694384718Z,01JCG7VCQZF7JJZ4R7S83JV79C,2024-11-12T13:08:49.694384718Z,01JCG7VCZXDG7558JT9EV688FZ,2024-11-12T13:08:49.694384718Z,01JCG7VD1PR84G7C6S4ESVY69E,2024-11-12T13:08:49.694384718Z
01JCG8DQEA0GNK5NA3TD7ZPNZH,01JCG7TSP5PC9GF2GF7HPZBDHG,2024-11-12T13:18:49.802689723Z,01JCG7TSQNZXJSY48E0C3XF8KK,2024-11-12T13:18:49.802689723Z,01JCG7VCSXRWEBG3PT97XP78CF,2024-11-12T13:18:49.802689723Z,01JCG7VCZXDG7558JT9EV688FZ,2024-11-12T13:18:49.802689723Z,01JCG7VD1Q3F81ZSYQYS95BEZF,2024-11-12T13:18:49.802689723Z
01JDVR53CJHW3WXN2A1J0H7661,01JDVR3J76E03K5YYJXNB0S2F5,2024-11-29T10:41:04.914952988Z,01JDVR3J8RMG1R1AJPV7BMSQ5B,2024-11-29T10:41:04.914952988Z,01JDVR52P3S87M076ARYBAFPCC,2024-11-29T10:41:04.914952988Z,01JDVR52SCCJY7JT2TP4XS18J5,2024-11-29T10:41:04.914952988Z,01JDVR52VM3TDQJAKT3DA8C8H1,2024-11-29T10:41:04.914952988Z
01JDVR53CPJ1VPE7BPHVXZ5ANE,01JDVR3J76E03K5YYJXNB0S2F5,2024-11-29T10:41:04.918040377Z,01JDVR3J8RMG1R1AJPV7BMSQ5B,2024-11-29T10:41:04.918040377Z,01JDVR3Z6M6MJT9X3NZHT54D45,2024-11-29T10:41:04.918040377Z,01JDVR52SCCJY7JT2TP4XS18J5,2024-11-29T10:41:04.918040377Z,01JDVR52VM3TDQJAKT3DA8C8H1,2024-11-29T10:41:04.918040377Z
01JDVS2G4A71SQN112CF3EP5R8,01JDVRD8JN23NA861SF1HV5M9T,2024-11-29T10:57:08.234379676Z,01JDVRD8KJNHNWW9RT986J4SZ5,2024-11-29T10:57:08.234379676Z,01JDVRDEEFGBSW8ZYYAJZYXFN7,2024-11-29T10:57:08.234379676Z,01JDVREAS1K9VX0MY7ZT4FRQ25,2024-11-29T10:57:08.234379676Z,01JDVREAWEC1M37B43HGSJ8NK1,2024-11-29T10:57:08.234379676Z
01JCG8DQE984QBHCFWQNY64EFV,01JCG7TSP5PC9GF2GF7HPZBDHG,2024-11-12T13:18:49.80117277Z,01JCG7TSQNZXJSY48E0C3XF8KK,2024-11-12T13:18:49.80117277Z,01JCG7VCVR8QNMQHSC1DP7PM98,2024-11-12T13:18:49.80117277Z,01JCG7VCZXDG7558JT9EV688FZ,2024-11-12T13:18:49.80117277Z,01JCG7VD1Q3F81ZSYQYS95BEZF,2024-11-12T13:18:49.80117277Z
