id,batchID,batchIDLastChangedAt,gameID,gameIDLastChangedAt,playerID,playerIDLastChangedAt,roundID,roundIDLastChangedAt,roundSummary,roundSummaryLastChangedAt
01JCG7QGYA2S6NTC0EPP631W70,01JCG7PV7PN32KWBT66BVHXXKZ,2024-11-12T13:06:42.250154099Z,01JCG7PV8HD4TBE9971P1M3SWT,2024-11-12T13:06:42.250154099Z,01JCG7QGD4TZCGXSJX3ZEQW4P0,2024-11-12T13:06:42.250154099Z,01JCG7QGJFKFV00HY44P3K6FDQ,2024-11-12T13:06:42.250154099Z,,
01JCG7VDAG8QS5DCSAQ98H8QHA,01JCG7TSP5PC9GF2GF7HPZBDHG,2024-11-12T13:08:49.61700291Z,01JCG7TSQNZXJSY48E0C3XF8KK,2024-11-12T13:08:49.61700291Z,01JCG7VCVR8QNMQHSC1DP7PM98,2024-11-12T13:08:49.61700291Z,01JCG7VCZXDG7558JT9EV688FZ,2024-11-12T13:08:49.61700291Z,,
01JCG7VDAKH82KAZAWVD7M7P8T,01JCG7TSP5PC9GF2GF7HPZBDHG,2024-11-12T13:08:49.619507081Z,01JCG7TSQNZXJSY48E0C3XF8KK,2024-11-12T13:08:49.619507081Z,01JCG7VCQZF7JJZ4R7S83JV79C,2024-11-12T13:08:49.619507081Z,01JCG7VCZXDG7558JT9EV688FZ,2024-11-12T13:08:49.619507081Z,,
01JCG7VDAP4Z5JT9S8GBPZY3RB,01JCG7TSP5PC9GF2GF7HPZBDHG,2024-11-12T13:08:49.622871972Z,01JCG7TSQNZXJSY48E0C3XF8KK,2024-11-12T13:08:49.622871972Z,01JCG7VCSXRWEBG3PT97XP78CF,2024-11-12T13:08:49.622871972Z,01JCG7VCZXDG7558JT9EV688FZ,2024-11-12T13:08:49.622871972Z,,
01JDVREB6FDKB66NCQBKWBKEC0,01JDVRD8JN23NA861SF1HV5M9T,2024-11-29T10:46:07.823045048Z,01JDVRD8KJNHNWW9RT986J4SZ5,2024-11-29T10:46:07.823045048Z,01JDVRDDD939NE6ABDNSH1WZS1,2024-11-29T10:46:07.823045048Z,01JDVREAS1K9VX0MY7ZT4FRQ25,2024-11-29T10:46:07.823045048Z,"Sorry, the vote did not pass, no agreement was reached.  You earned no bonus.",2024-11-29T10:58:08.353138079Z
01JDVREB6M95106J955R8N97ME,01JDVRD8JN23NA861SF1HV5M9T,2024-11-29T10:46:07.829074525Z,01JDVRD8KJNHNWW9RT986J4SZ5,2024-11-29T10:46:07.829074525Z,01JDVRDEEFGBSW8ZYYAJZYXFN7,2024-11-29T10:46:07.829074525Z,01JDVREAS1K9VX0MY7ZT4FRQ25,2024-11-29T10:46:07.829074525Z,"Sorry, the vote did not pass, no agreement was reached.  You earned no bonus.",2024-11-29T10:58:08.353138079Z
01JCG7GXCHWD8RS43REHS60K2K,01JCG7GFGZN0DH4JKAFRE1YSPV,2024-11-12T13:03:05.618086434Z,01JCG7GFJG4S4ZGB191NPGZX84,2024-11-12T13:03:05.618086434Z,01JCG7GWTK1ABN01YGBHTVGEZX,2024-11-12T13:03:05.618086434Z,01JCG7GWZ6XMP7AP93VABTY3B3,2024-11-12T13:03:05.618086434Z,,
01JDVR536J1ECEGQ9M4Q7003NN,01JDVR3J76E03K5YYJXNB0S2F5,2024-11-29T10:41:04.722623772Z,01JDVR3J8RMG1R1AJPV7BMSQ5B,2024-11-29T10:41:04.722623772Z,01JDVR52P3S87M076ARYBAFPCC,2024-11-29T10:41:04.722623772Z,01JDVR52SCCJY7JT2TP4XS18J5,2024-11-29T10:41:04.722623772Z,,
01JDVR536RM753XXMHB6JNE4E8,01JDVR3J76E03K5YYJXNB0S2F5,2024-11-29T10:41:04.728758843Z,01JDVR3J8RMG1R1AJPV7BMSQ5B,2024-11-29T10:41:04.728758843Z,01JDVR3ZNA21CJB9ZVW7DXW6KS,2024-11-29T10:41:04.728758843Z,01JDVR52SCCJY7JT2TP4XS18J5,2024-11-29T10:41:04.728758843Z,,
01JCG7GXCFMKNS538CNKGZW0CK,01JCG7GFGZN0DH4JKAFRE1YSPV,2024-11-12T13:03:05.615342075Z,01JCG7GFJG4S4ZGB191NPGZX84,2024-11-12T13:03:05.615342075Z,01JCG7GV98H33ETMKDMMZKSGW7,2024-11-12T13:03:05.615342075Z,01JCG7GWZ6XMP7AP93VABTY3B3,2024-11-12T13:03:05.615342075Z,,
01JCG7QGY9EK2GZD56DHZT8E8P,01JCG7PV7PN32KWBT66BVHXXKZ,2024-11-12T13:06:42.249445083Z,01JCG7PV8HD4TBE9971P1M3SWT,2024-11-12T13:06:42.249445083Z,01JCG7QGA4JQWX3Q268ZJKVVYA,2024-11-12T13:06:42.249445083Z,01JCG7QGJFKFV00HY44P3K6FDQ,2024-11-12T13:06:42.249445083Z,,
01JCG7QGYCXBWFRGRNHXVB7DS7,01JCG7PV7PN32KWBT66BVHXXKZ,2024-11-12T13:06:42.252846743Z,01JCG7PV8HD4TBE9971P1M3SWT,2024-11-12T13:06:42.252846743Z,01JCG7QGB6SCN9P8CR087829HQ,2024-11-12T13:06:42.252846743Z,01JCG7QGJFKFV00HY44P3K6FDQ,2024-11-12T13:06:42.252846743Z,,
01JCG7VDAJFCZ0BMCPPJDTZAFF,01JCG7TSP5PC9GF2GF7HPZBDHG,2024-11-12T13:08:49.618399314Z,01JCG7TSQNZXJSY48E0C3XF8KK,2024-11-12T13:08:49.618399314Z,01JCG7VCPGEDC2CAMFKWN2VV75,2024-11-12T13:08:49.618399314Z,01JCG7VCZXDG7558JT9EV688FZ,2024-11-12T13:08:49.618399314Z,,
01JCG7GXCG84N8ZMYJRG8260WV,01JCG7GFGZN0DH4JKAFRE1YSPV,2024-11-12T13:03:05.616421228Z,01JCG7GFJG4S4ZGB191NPGZX84,2024-11-12T13:03:05.616421228Z,01JCG7GRZ22TF10VVVA7CF8VMY,2024-11-12T13:03:05.616421228Z,01JCG7GWZ6XMP7AP93VABTY3B3,2024-11-12T13:03:05.616421228Z,,
01JDVR536W6D5DWEXD8H9337EN,01JDVR3J76E03K5YYJXNB0S2F5,2024-11-29T10:41:04.732726874Z,01JDVR3J8RMG1R1AJPV7BMSQ5B,2024-11-29T10:41:04.732726874Z,01JDVR4BZN3B1VY21MZB6JFW0F,2024-11-29T10:41:04.732726874Z,01JDVR52SCCJY7JT2TP4XS18J5,2024-11-29T10:41:04.732726874Z,,
01JDVREB6CY1NWNE0YWM9DDGQ5,01JDVRD8JN23NA861SF1HV5M9T,2024-11-29T10:46:07.820890188Z,01JDVRD8KJNHNWW9RT986J4SZ5,2024-11-29T10:46:07.820890188Z,01JDVREAND92W3AX113A9EM3J4,2024-11-29T10:46:07.820890188Z,01JDVREAS1K9VX0MY7ZT4FRQ25,2024-11-29T10:46:07.820890188Z,"Sorry, the vote did not pass, no agreement was reached.  You earned no bonus.",2024-11-29T10:58:08.353138079Z
01JDVREB6E3RVVXTM2X5SETWMK,01JDVRD8JN23NA861SF1HV5M9T,2024-11-29T10:46:07.822048827Z,01JDVRD8KJNHNWW9RT986J4SZ5,2024-11-29T10:46:07.822048827Z,01JDVRDHHB9C0AKNB98TJ2MPHM,2024-11-29T10:46:07.822048827Z,01JDVREAS1K9VX0MY7ZT4FRQ25,2024-11-29T10:46:07.822048827Z,"Sorry, the vote did not pass, no agreement was reached.  You earned no bonus.",2024-11-29T10:58:08.353138079Z
01JDVR536P25F33VZBMG9Z2RV2,01JDVR3J76E03K5YYJXNB0S2F5,2024-11-29T10:41:04.726071323Z,01JDVR3J8RMG1R1AJPV7BMSQ5B,2024-11-29T10:41:04.726071323Z,01JDVR3Z6M6MJT9X3NZHT54D45,2024-11-29T10:41:04.726071323Z,01JDVR52SCCJY7JT2TP4XS18J5,2024-11-29T10:41:04.726071323Z,,
