id,allVoted,allVotedLastChangedAt,batchID,batchIDLastChangedAt,chat,chatLastChangedAt,ended,endedLastChangedAt,gameID,gameIDLastChangedAt,index,indexLastChangedAt,name,nameLastChangedAt,proposalHistory,proposalHistoryLastChangedAt,roundStartTime,roundStartTimeLastChangedAt,stageIndex,stageIndexLastChangedAt,start,startLastChangedAt,systemMessages,systemMessagesLastChangedAt
01JCG7GWZ6XMP7AP93VABTY3B3,,,01JCG7GFGZN0DH4JKAFRE1YSPV,2024-11-12T13:03:05.190839313Z,,,true,2024-11-12T13:04:26.452197211Z,01JCG7GFJG4S4ZGB191NPGZX84,2024-11-12T13:03:05.190839313Z,0,2024-11-12T13:03:05.190839313Z,Round 1,2024-11-12T13:03:05.190839313Z,[],2024-11-12T13:03:05.652388791Z,1731416585638,2024-11-12T13:03:05.652388791Z,4,2024-11-12T13:03:05.281612664Z,true,2024-11-12T13:03:05.389105559Z,[],2024-11-12T13:03:05.652388791Z
01JCG7QGJFKFV00HY44P3K6FDQ,,,01JCG7PV7PN32KWBT66BVHXXKZ,2024-11-12T13:06:41.871254471Z,,,true,2024-11-12T13:08:24.974820051Z,01JCG7PV8HD4TBE9971P1M3SWT,2024-11-12T13:06:41.871254471Z,0,2024-11-12T13:06:41.871254471Z,Round 1,2024-11-12T13:06:41.871254471Z,[],2024-11-12T13:06:42.279301964Z,1731416802275,2024-11-12T13:06:42.279301964Z,4,2024-11-12T13:06:41.964996958Z,true,2024-11-12T13:06:42.040920776Z,[],2024-11-12T13:06:42.279301964Z
01JCG7VCZXDG7558JT9EV688FZ,,,01JCG7TSP5PC9GF2GF7HPZBDHG,2024-11-12T13:08:49.277128037Z,"[{""text"":""Reminder: 2 Minutes left."",""sender"":{""Time"":""12/11/2024, 13:16:49"",""id"":1731417409737,""name"":""Notification"",""role"":""Notification""}},{""text"":""WARNING: 1 Minute left. Please finalize your list of proposed features for official voting."",""sender"":{""Time"":""12/11/2024, 13:17:49"",""id"":1731417469724,""name"":""Notification"",""role"":""Notification""}},{""text"":""Reminder: 30 seconds left."",""sender"":{""Time"":""12/11/2024, 13:19:19"",""id"":1731417559726,""name"":""Notification"",""role"":""Notification""}},{""text"":""WARNING: 10 seconds left. please finalize your proposal."",""sender"":{""Time"":""12/11/2024, 13:19:39"",""id"":1731417579727,""name"":""Notification"",""role"":""Notification""}}]",2024-11-12T13:19:39.87548518Z,true,2024-11-29T10:45:31.688644822Z,01JCG7TSQNZXJSY48E0C3XF8KK,2024-11-12T13:08:49.277128037Z,0,2024-11-12T13:08:49.277128037Z,Round 1,2024-11-12T13:08:49.277128037Z,[],2024-11-12T13:08:49.656185252Z,1731416929650,2024-11-12T13:08:49.656185252Z,4,2024-11-12T13:08:49.351598831Z,true,2024-11-12T13:08:49.428033203Z,[],2024-11-12T13:08:49.656185252Z
01JDVR52SCCJY7JT2TP4XS18J5,,,01JDVR3J76E03K5YYJXNB0S2F5,2024-11-29T10:41:04.300970296Z,"[{""text"":""hello"",""sender"":{""Time"":""29/11/2024, 10:41:17"",""id"":""01JDVR3Z6M6MJT9X3NZHT54D45"",""name"":""Technician"",""role"":""role3""}},{""text"":""hi"",""sender"":{""Time"":""29/11/2024, 10:44:00"",""id"":""01JDVR4BZN3B1VY21MZB6JFW0F"",""name"":""Product Head"",""role"":""role1""}}]",2024-11-29T10:44:27.376886894Z,true,2024-11-29T10:45:30.043707071Z,01JDVR3J8RMG1R1AJPV7BMSQ5B,2024-11-29T10:41:04.300970296Z,0,2024-11-29T10:41:04.300970296Z,Round 1,2024-11-29T10:41:04.300970296Z,"[{""decisions"":{""Fast Charging"":-0.47,""Ultra Thin"":1.15,""AI Enhanced"":1.39},""submitterRole"":""Designer"",""informalVote"":[{""role2"":1},{""role3"":1},{""role1"":0}],""formalVote"":[]}]",2024-11-29T10:43:06.839147512Z,1732876864776,2024-11-29T10:41:04.792474551Z,4,2024-11-29T10:41:04.389026404Z,true,2024-11-29T10:41:04.466196247Z,[],2024-11-29T10:41:04.792474551Z
01JDVREAS1K9VX0MY7ZT4FRQ25,false,2024-11-29T10:57:08.298495833Z,01JDVRD8JN23NA861SF1HV5M9T,2024-11-29T10:46:07.393944664Z,"[{""text"":""Reminder: 5 Minutes left."",""sender"":{""Time"":""29/11/2024, 10:51:07"",""id"":1732877467677,""name"":""Notification"",""role"":""Notification""}},{""text"":""Reminder: 2 Minutes left."",""sender"":{""Time"":""29/11/2024, 10:54:07"",""id"":1732877647670,""name"":""Notification"",""role"":""Notification""}},{""text"":""WARNING: 1 Minute left. Please finalize your list of proposed features for official voting."",""sender"":{""Time"":""29/11/2024, 10:55:07"",""id"":1732877707670,""name"":""Notification"",""role"":""Notification""}},{""text"":""Reminder: 30 seconds left."",""sender"":{""Time"":""29/11/2024, 10:56:38"",""id"":1732877798084,""name"":""Notification"",""role"":""Notification""}},{""text"":""WARNING: 10 seconds left. please finalize your proposal."",""sender"":{""Time"":""29/11/2024, 10:56:58"",""id"":1732877818085,""name"":""Notification"",""role"":""Notification""}}]",2024-11-29T10:56:58.115785897Z,true,2024-11-29T14:18:08.428100278Z,01JDVRD8KJNHNWW9RT986J4SZ5,2024-11-29T10:46:07.393944664Z,0,2024-11-29T10:46:07.393944664Z,Round 1,2024-11-29T10:46:07.393944664Z,"[{""decisions"":{""Fast Charging"":1.1,""Long Battery Life"":0.48,""Light Weight"":0.77},""submitterRole"":""Product Head"",""informalVote"":[{""role1"":1},{""role3"":0},{""role2"":1}],""formalVote"":[]}]",2024-11-29T10:46:45.494168292Z,1732877167848,2024-11-29T10:46:07.863676383Z,4,2024-11-29T10:46:07.518633391Z,true,2024-11-29T10:46:07.612822563Z,[],2024-11-29T10:46:07.863676383Z
