id,batchID,batchIDLastChangedAt,duration,durationLastChangedAt,ended,endedLastChangedAt,endedReason,endedReasonLastChangedAt,gameID,gameIDLastChangedAt,index,indexLastChangedAt,initialized,initializedLastChangedAt,name,nameLastChangedAt,roundID,roundIDLastChangedAt,start,startLastChangedAt,started,startedLastChangedAt,status,statusLastChangedAt,timerID,timerIDLastChangedAt
01JCG7QGMH8KF30A2N6VJKC61B,01JCG7PV7PN32KWBT66BVHXXKZ,2024-11-12T13:06:41.937330785Z,60,2024-11-12T13:06:41.937330785Z,false,2024-11-12T13:06:41.937330785Z,,,01JCG7PV8HD4TBE9971P1M3SWT,2024-11-12T13:06:41.937330785Z,1,2024-11-12T13:06:41.937330785Z,,,Submit Formal Vote,2024-11-12T13:06:41.937330785Z,01JCG7QGJFKFV00HY44P3K6FDQ,2024-11-12T13:06:41.937330785Z,false,2024-11-12T13:06:41.937330785Z,,,,,01JCG7QGKKJ7163QRP4C6XRVEW,2024-11-12T13:06:41.937330785Z
01JCG7QGMVCXYKGF6DPCGPBSYC,01JCG7PV7PN32KWBT66BVHXXKZ,2024-11-12T13:06:41.947834005Z,12000,2024-11-12T13:06:41.947834005Z,false,2024-11-12T13:06:41.947834005Z,,,01JCG7PV8HD4TBE9971P1M3SWT,2024-11-12T13:06:41.947834005Z,3,2024-11-12T13:06:41.947834005Z,,,Round Summary,2024-11-12T13:06:41.947834005Z,01JCG7QGJFKFV00HY44P3K6FDQ,2024-11-12T13:06:41.947834005Z,false,2024-11-12T13:06:41.947834005Z,,,,,01JCG7QGM46XD4TYKRADM8PAJK,2024-11-12T13:06:41.947834005Z
01JCG7VD1PR84G7C6S4ESVY69E,01JCG7TSP5PC9GF2GF7HPZBDHG,2024-11-12T13:08:49.334865521Z,600,2024-11-12T13:08:49.334865521Z,true,2024-11-12T13:18:49.732972847Z,,,01JCG7TSQNZXJSY48E0C3XF8KK,2024-11-12T13:08:49.334865521Z,0,2024-11-12T13:08:49.334865521Z,true,2024-11-12T13:08:49.705526187Z,Discussion and Informal Vote,2024-11-12T13:08:49.334865521Z,01JCG7VCZXDG7558JT9EV688FZ,2024-11-12T13:08:49.334865521Z,true,2024-11-12T13:08:49.665991185Z,true,2024-11-12T13:08:49.725908505Z,,,01JCG7VD0QDSGYVR9738R4TX2W,2024-11-12T13:08:49.334865521Z
01JCG7VD1R89H7MP79TP40D8FK,01JCG7TSP5PC9GF2GF7HPZBDHG,2024-11-12T13:08:49.336597443Z,60,2024-11-12T13:08:49.336597443Z,true,2024-11-12T13:20:49.965799749Z,,,01JCG7TSQNZXJSY48E0C3XF8KK,2024-11-12T13:08:49.336597443Z,2,2024-11-12T13:08:49.336597443Z,true,2024-11-12T13:19:49.925963791Z,Formal Vote,2024-11-12T13:08:49.336597443Z,01JCG7VCZXDG7558JT9EV688FZ,2024-11-12T13:08:49.336597443Z,true,2024-11-12T13:19:49.870371119Z,true,2024-11-12T13:19:49.959481174Z,,,01JCG7VD1ACQQ1XYB972KZ9ZMJ,2024-11-12T13:08:49.336597443Z
01JDVR52VM3TDQJAKT3DA8C8H1,01JDVR3J76E03K5YYJXNB0S2F5,2024-11-29T10:41:04.372201009Z,600,2024-11-29T10:41:04.372201009Z,true,2024-11-29T10:45:29.961849573Z,batch ended,2024-11-29T10:45:29.738904557Z,01JDVR3J8RMG1R1AJPV7BMSQ5B,2024-11-29T10:41:04.372201009Z,0,2024-11-29T10:41:04.372201009Z,true,2024-11-29T10:41:04.959375937Z,Discussion and Informal Vote,2024-11-29T10:41:04.372201009Z,01JDVR52SCCJY7JT2TP4XS18J5,2024-11-29T10:41:04.372201009Z,true,2024-11-29T10:41:04.830664849Z,true,2024-11-29T10:41:05.000286537Z,ended,2024-11-29T10:45:29.738904557Z,01JDVR52T8G9VGR3738C8MXYFK,2024-11-29T10:41:04.372201009Z
01JDVR52VM3TDQJAKT410908VN,01JDVR3J76E03K5YYJXNB0S2F5,2024-11-29T10:41:04.372908997Z,60,2024-11-29T10:41:04.372908997Z,false,2024-11-29T10:41:04.372908997Z,,,01JDVR3J8RMG1R1AJPV7BMSQ5B,2024-11-29T10:41:04.372908997Z,1,2024-11-29T10:41:04.372908997Z,,,Submit Formal Vote,2024-11-29T10:41:04.372908997Z,01JDVR52SCCJY7JT2TP4XS18J5,2024-11-29T10:41:04.372908997Z,false,2024-11-29T10:41:04.372908997Z,,,,,01JDVR52TN7RV0KR2V5QYF2BPY,2024-11-29T10:41:04.372908997Z
01JCG7GX1E05VS7Z7GHHX1S09X,01JCG7GFGZN0DH4JKAFRE1YSPV,2024-11-12T13:03:05.262856739Z,30,2024-11-12T13:03:05.262856739Z,false,2024-11-12T13:03:05.262856739Z,,,01JCG7GFJG4S4ZGB191NPGZX84,2024-11-12T13:03:05.262856739Z,3,2024-11-12T13:03:05.262856739Z,,,Round Summary,2024-11-12T13:03:05.262856739Z,01JCG7GWZ6XMP7AP93VABTY3B3,2024-11-12T13:03:05.262856739Z,false,2024-11-12T13:03:05.262856739Z,,,,,01JCG7GX13SDGDSYZZ3Q1GKKVC,2024-11-12T13:03:05.262856739Z
01JCG7QGMGPZFK439SQHREGGMF,01JCG7PV7PN32KWBT66BVHXXKZ,2024-11-12T13:06:41.93650054Z,600,2024-11-12T13:06:41.93650054Z,true,2024-11-12T13:08:24.90071757Z,batch ended,2024-11-12T13:08:24.569935886Z,01JCG7PV8HD4TBE9971P1M3SWT,2024-11-12T13:06:41.93650054Z,0,2024-11-12T13:06:41.93650054Z,true,2024-11-12T13:06:42.335160533Z,Discussion and Informal Vote,2024-11-12T13:06:41.93650054Z,01JCG7QGJFKFV00HY44P3K6FDQ,2024-11-12T13:06:41.93650054Z,true,2024-11-12T13:06:42.300866196Z,true,2024-11-12T13:06:42.360027805Z,ended,2024-11-12T13:08:24.569935886Z,01JCG7QGK9WQ3DH8N91J55WVP7,2024-11-12T13:06:41.93650054Z
01JDVREAWEC1M37B43GQYJZK2R,01JDVRD8JN23NA861SF1HV5M9T,2024-11-29T10:46:07.50242422Z,60,2024-11-29T10:46:07.50242422Z,true,2024-11-29T10:57:08.101995049Z,,,01JDVRD8KJNHNWW9RT986J4SZ5,2024-11-29T10:46:07.50242422Z,1,2024-11-29T10:46:07.50242422Z,true,2024-11-29T10:56:08.068882299Z,Submit Formal Vote,2024-11-29T10:46:07.50242422Z,01JDVREAS1K9VX0MY7ZT4FRQ25,2024-11-29T10:46:07.50242422Z,true,2024-11-29T10:56:08.034143528Z,true,2024-11-29T10:56:08.094285979Z,,,01JDVREAV6VT1GA4BYF269N2WM,2024-11-29T10:46:07.50242422Z
01JCG7GX1E05VS7Z7GGB1PHQ7K,01JCG7GFGZN0DH4JKAFRE1YSPV,2024-11-12T13:03:05.262195915Z,60,2024-11-12T13:03:05.262195915Z,false,2024-11-12T13:03:05.262195915Z,,,01JCG7GFJG4S4ZGB191NPGZX84,2024-11-12T13:03:05.262195915Z,1,2024-11-12T13:03:05.262195915Z,,,Submit Formal Vote,2024-11-12T13:03:05.262195915Z,01JCG7GWZ6XMP7AP93VABTY3B3,2024-11-12T13:03:05.262195915Z,false,2024-11-12T13:03:05.262195915Z,,,,,01JCG7GX08XD7A56MQRWQCPS48,2024-11-12T13:03:05.262195915Z
01JDVR52VNGJHD71ZGBQZDS8J8,01JDVR3J76E03K5YYJXNB0S2F5,2024-11-29T10:41:04.373912831Z,12000,2024-11-29T10:41:04.373912831Z,false,2024-11-29T10:41:04.373912831Z,,,01JDVR3J8RMG1R1AJPV7BMSQ5B,2024-11-29T10:41:04.373912831Z,3,2024-11-29T10:41:04.373912831Z,,,Round Summary,2024-11-29T10:41:04.373912831Z,01JDVR52SCCJY7JT2TP4XS18J5,2024-11-29T10:41:04.373912831Z,false,2024-11-29T10:41:04.373912831Z,,,,,01JDVR52VD8CEPXT6BXYQD5B9W,2024-11-29T10:41:04.373912831Z
01JCG7VD1SBXYSDQ4R9G5B555H,01JCG7TSP5PC9GF2GF7HPZBDHG,2024-11-12T13:08:49.337050574Z,12000,2024-11-12T13:08:49.337050574Z,true,2024-11-29T10:45:31.651920007Z,batch ended,2024-11-29T10:45:31.418276844Z,01JCG7TSQNZXJSY48E0C3XF8KK,2024-11-12T13:08:49.337050574Z,3,2024-11-12T13:08:49.337050574Z,true,2024-11-12T13:20:50.056035527Z,Round Summary,2024-11-12T13:08:49.337050574Z,01JCG7VCZXDG7558JT9EV688FZ,2024-11-12T13:08:49.337050574Z,true,2024-11-12T13:20:49.998051888Z,true,2024-11-12T13:20:50.529317428Z,ended,2024-11-29T10:45:31.418276844Z,01JCG7VD1FRTE8EQWK1NMXHDS4,2024-11-12T13:08:49.337050574Z
01JDVREAWEC1M37B43HGSJ8NK1,01JDVRD8JN23NA861SF1HV5M9T,2024-11-29T10:46:07.502930215Z,60,2024-11-29T10:46:07.502930215Z,true,2024-11-29T10:58:08.271332865Z,,,01JDVRD8KJNHNWW9RT986J4SZ5,2024-11-29T10:46:07.502930215Z,2,2024-11-29T10:46:07.502930215Z,true,2024-11-29T10:57:08.245072915Z,Formal Vote,2024-11-29T10:46:07.502930215Z,01JDVREAS1K9VX0MY7ZT4FRQ25,2024-11-29T10:46:07.502930215Z,true,2024-11-29T10:57:08.132130337Z,true,2024-11-29T10:57:08.266754613Z,,,01JDVREAVNKJ7925NHJN52CM7T,2024-11-29T10:46:07.502930215Z
01JCG7GX1E05VS7Z7GGWNHV4AX,01JCG7GFGZN0DH4JKAFRE1YSPV,2024-11-12T13:03:05.262474078Z,60,2024-11-12T13:03:05.262474078Z,false,2024-11-12T13:03:05.262474078Z,,,01JCG7GFJG4S4ZGB191NPGZX84,2024-11-12T13:03:05.262474078Z,2,2024-11-12T13:03:05.262474078Z,,,Formal Vote,2024-11-12T13:03:05.262474078Z,01JCG7GWZ6XMP7AP93VABTY3B3,2024-11-12T13:03:05.262474078Z,false,2024-11-12T13:03:05.262474078Z,,,,,01JCG7GX0MDN6SB8E7SG8RZPK2,2024-11-12T13:03:05.262474078Z
01JCG7VD1Q3F81ZSYQYS95BEZF,01JCG7TSP5PC9GF2GF7HPZBDHG,2024-11-12T13:08:49.335948939Z,60,2024-11-12T13:08:49.335948939Z,true,2024-11-12T13:19:49.844828735Z,,,01JCG7TSQNZXJSY48E0C3XF8KK,2024-11-12T13:08:49.335948939Z,1,2024-11-12T13:08:49.335948939Z,true,2024-11-12T13:18:49.815088491Z,Submit Formal Vote,2024-11-12T13:08:49.335948939Z,01JCG7VCZXDG7558JT9EV688FZ,2024-11-12T13:08:49.335948939Z,true,2024-11-12T13:18:49.773180826Z,true,2024-11-12T13:18:49.839942211Z,,,01JCG7VD1483CK1AAYH5FKQ2HV,2024-11-12T13:08:49.335948939Z
01JDVR52VNGJHD71ZGB09VRMAE,01JDVR3J76E03K5YYJXNB0S2F5,2024-11-29T10:41:04.373474772Z,60,2024-11-29T10:41:04.373474772Z,false,2024-11-29T10:41:04.373474772Z,,,01JDVR3J8RMG1R1AJPV7BMSQ5B,2024-11-29T10:41:04.373474772Z,2,2024-11-29T10:41:04.373474772Z,,,Formal Vote,2024-11-29T10:41:04.373474772Z,01JDVR52SCCJY7JT2TP4XS18J5,2024-11-29T10:41:04.373474772Z,false,2024-11-29T10:41:04.373474772Z,,,,,01JDVR52TXMDSHTR3QWNKZMJYA,2024-11-29T10:41:04.373474772Z
01JDVREAWDDTM1QCMTPTEHN7HR,01JDVRD8JN23NA861SF1HV5M9T,2024-11-29T10:46:07.501759249Z,600,2024-11-29T10:46:07.501759249Z,true,2024-11-29T10:56:08.008345263Z,,,01JDVRD8KJNHNWW9RT986J4SZ5,2024-11-29T10:46:07.501759249Z,0,2024-11-29T10:46:07.501759249Z,true,2024-11-29T10:46:07.971383108Z,Discussion and Informal Vote,2024-11-29T10:46:07.501759249Z,01JDVREAS1K9VX0MY7ZT4FRQ25,2024-11-29T10:46:07.501759249Z,true,2024-11-29T10:46:07.900070198Z,true,2024-11-29T10:46:08.00100198Z,,,01JDVREATM6ZWVTB6VTNN164WH,2024-11-29T10:46:07.501759249Z
01JDVREAWFXA9ZRKJ8Z0Y2XF46,01JDVRD8JN23NA861SF1HV5M9T,2024-11-29T10:46:07.503416062Z,12000,2024-11-29T10:46:07.503416062Z,true,2024-11-29T14:18:08.412020189Z,,,01JDVRD8KJNHNWW9RT986J4SZ5,2024-11-29T10:46:07.503416062Z,3,2024-11-29T10:46:07.503416062Z,true,2024-11-29T10:58:08.342207802Z,Round Summary,2024-11-29T10:46:07.503416062Z,01JDVREAS1K9VX0MY7ZT4FRQ25,2024-11-29T10:46:07.503416062Z,true,2024-11-29T10:58:08.300254991Z,true,2024-11-29T10:58:08.394173315Z,,,01JDVREAVX6VTK0QVM0S4AX64H,2024-11-29T10:46:07.503416062Z
01JCG7GX1D9VB3SWMH4NV88FPB,01JCG7GFGZN0DH4JKAFRE1YSPV,2024-11-12T13:03:05.261784052Z,600,2024-11-12T13:03:05.261784052Z,true,2024-11-12T13:04:26.412873024Z,batch ended,2024-11-12T13:04:25.919308322Z,01JCG7GFJG4S4ZGB191NPGZX84,2024-11-12T13:03:05.261784052Z,0,2024-11-12T13:03:05.261784052Z,true,2024-11-12T13:03:05.762597912Z,Discussion and Informal Vote,2024-11-12T13:03:05.261784052Z,01JCG7GWZ6XMP7AP93VABTY3B3,2024-11-12T13:03:05.261784052Z,true,2024-11-12T13:03:05.675636621Z,true,2024-11-12T13:03:05.783019201Z,ended,2024-11-12T13:04:25.919308322Z,01JCG7GX02N9384MH7AGSR9CAG,2024-11-12T13:03:05.261784052Z
01JCG7QGMJAC0REDQ0HWQ42JW0,01JCG7PV7PN32KWBT66BVHXXKZ,2024-11-12T13:06:41.938933915Z,60,2024-11-12T13:06:41.938933915Z,false,2024-11-12T13:06:41.938933915Z,,,01JCG7PV8HD4TBE9971P1M3SWT,2024-11-12T13:06:41.938933915Z,2,2024-11-12T13:06:41.938933915Z,,,Formal Vote,2024-11-12T13:06:41.938933915Z,01JCG7QGJFKFV00HY44P3K6FDQ,2024-11-12T13:06:41.938933915Z,false,2024-11-12T13:06:41.938933915Z,,,,,01JCG7QGKR9VK347W8GFPN55MX,2024-11-12T13:06:41.938933915Z
